-- MySQL dump 10.13  Distrib 5.5.62, for Win64 (AMD64)
--
-- Host: localhost    Database: monsape_db
-- ------------------------------------------------------
-- Server version	5.5.5-10.4.20-MariaDB

/*!40101 SET @OLD_CHARACTER_SET_CLIENT=@@CHARACTER_SET_CLIENT */;
/*!40101 SET @OLD_CHARACTER_SET_RESULTS=@@CHARACTER_SET_RESULTS */;
/*!40101 SET @OLD_COLLATION_CONNECTION=@@COLLATION_CONNECTION */;
/*!40101 SET NAMES utf8 */;
/*!40103 SET @OLD_TIME_ZONE=@@TIME_ZONE */;
/*!40103 SET TIME_ZONE='+00:00' */;
/*!40014 SET @OLD_UNIQUE_CHECKS=@@UNIQUE_CHECKS, UNIQUE_CHECKS=0 */;
/*!40014 SET @OLD_FOREIGN_KEY_CHECKS=@@FOREIGN_KEY_CHECKS, FOREIGN_KEY_CHECKS=0 */;
/*!40101 SET @OLD_SQL_MODE=@@SQL_MODE, SQL_MODE='NO_AUTO_VALUE_ON_ZERO' */;
/*!40111 SET @OLD_SQL_NOTES=@@SQL_NOTES, SQL_NOTES=0 */;

--
-- Table structure for table `carts`
--

DROP TABLE IF EXISTS `carts`;
/*!40101 SET @saved_cs_client     = @@character_set_client */;
/*!40101 SET character_set_client = utf8 */;
CREATE TABLE `carts` (
  `id` int(11) NOT NULL AUTO_INCREMENT,
  `user_id` int(11) NOT NULL,
  PRIMARY KEY (`id`),
  KEY `FK_eb57a310-20bf-4699-b220-05c4678cec7e` (`user_id`),
  CONSTRAINT `FK_eb57a310-20bf-4699-b220-05c4678cec7e` FOREIGN KEY (`user_id`) REFERENCES `users` (`id`) ON DELETE CASCADE ON UPDATE NO ACTION
) ENGINE=InnoDB DEFAULT CHARSET=utf8;
/*!40101 SET character_set_client = @saved_cs_client */;

--
-- Dumping data for table `carts`
--

LOCK TABLES `carts` WRITE;
/*!40000 ALTER TABLE `carts` DISABLE KEYS */;
/*!40000 ALTER TABLE `carts` ENABLE KEYS */;
UNLOCK TABLES;

--
-- Table structure for table `carts_items`
--

DROP TABLE IF EXISTS `carts_items`;
/*!40101 SET @saved_cs_client     = @@character_set_client */;
/*!40101 SET character_set_client = utf8 */;
CREATE TABLE `carts_items` (
  `id` int(11) NOT NULL AUTO_INCREMENT,
  `cart_id` int(11) NOT NULL,
  `wine_id` int(11) NOT NULL,
  `cart_item_price` decimal(10,2) NOT NULL,
  `cart_item_quantity` int(11) NOT NULL,
  PRIMARY KEY (`id`),
  KEY `FK_ccfe3d4e-a0a1-4b04-bffb-e2df50978b58` (`wine_id`),
  KEY `FK_38868937-8450-4488-9a73-821a5be94f02` (`cart_id`),
  CONSTRAINT `FK_38868937-8450-4488-9a73-821a5be94f02` FOREIGN KEY (`cart_id`) REFERENCES `carts` (`id`) ON DELETE CASCADE ON UPDATE NO ACTION,
  CONSTRAINT `FK_ccfe3d4e-a0a1-4b04-bffb-e2df50978b58` FOREIGN KEY (`wine_id`) REFERENCES `wines` (`id`) ON DELETE CASCADE ON UPDATE NO ACTION
) ENGINE=InnoDB DEFAULT CHARSET=utf8;
/*!40101 SET character_set_client = @saved_cs_client */;

--
-- Dumping data for table `carts_items`
--

LOCK TABLES `carts_items` WRITE;
/*!40000 ALTER TABLE `carts_items` DISABLE KEYS */;
/*!40000 ALTER TABLE `carts_items` ENABLE KEYS */;
UNLOCK TABLES;

--
-- Table structure for table `categories`
--

DROP TABLE IF EXISTS `categories`;
/*!40101 SET @saved_cs_client     = @@character_set_client */;
/*!40101 SET character_set_client = utf8 */;
CREATE TABLE `categories` (
  `id` int(11) NOT NULL AUTO_INCREMENT,
  `name` varchar(30) NOT NULL,
  PRIMARY KEY (`id`)
) ENGINE=InnoDB AUTO_INCREMENT=5 DEFAULT CHARSET=utf8;
/*!40101 SET character_set_client = @saved_cs_client */;

--
-- Dumping data for table `categories`
--

LOCK TABLES `categories` WRITE;
/*!40000 ALTER TABLE `categories` DISABLE KEYS */;
INSERT INTO `categories` VALUES (1,'Blanco'),(2,'Tinto'),(3,'Rosado'),(4,'Espumante');
/*!40000 ALTER TABLE `categories` ENABLE KEYS */;
UNLOCK TABLES;

--
-- Table structure for table `collections`
--

DROP TABLE IF EXISTS `collections`;
/*!40101 SET @saved_cs_client     = @@character_set_client */;
/*!40101 SET character_set_client = utf8 */;
CREATE TABLE `collections` (
  `id` int(11) NOT NULL AUTO_INCREMENT,
  `name` varchar(50) NOT NULL,
  PRIMARY KEY (`id`)
) ENGINE=InnoDB AUTO_INCREMENT=6 DEFAULT CHARSET=utf8;
/*!40101 SET character_set_client = @saved_cs_client */;

--
-- Dumping data for table `collections`
--

LOCK TABLES `collections` WRITE;
/*!40000 ALTER TABLE `collections` DISABLE KEYS */;
INSERT INTO `collections` VALUES (1,'Finest'),(2,'Gala Collection'),(3,'Vinos de Terroir'),(4,'Insignia'),(5,'Celebracion');
/*!40000 ALTER TABLE `collections` ENABLE KEYS */;
UNLOCK TABLES;

--
-- Table structure for table `tickets`
--

DROP TABLE IF EXISTS `tickets`;
/*!40101 SET @saved_cs_client     = @@character_set_client */;
/*!40101 SET character_set_client = utf8 */;
CREATE TABLE `tickets` (
  `id` int(11) NOT NULL AUTO_INCREMENT,
  `total` decimal(10,0) NOT NULL,
  `date` date NOT NULL,
  `cart_id` int(11) NOT NULL,
  PRIMARY KEY (`id`),
  KEY `FK_0a9cc7e3-2274-464a-b722-adae41dc719f` (`cart_id`),
  CONSTRAINT `FK_0a9cc7e3-2274-464a-b722-adae41dc719f` FOREIGN KEY (`cart_id`) REFERENCES `carts` (`id`)
) ENGINE=InnoDB DEFAULT CHARSET=utf8;
/*!40101 SET character_set_client = @saved_cs_client */;

--
-- Dumping data for table `tickets`
--

LOCK TABLES `tickets` WRITE;
/*!40000 ALTER TABLE `tickets` DISABLE KEYS */;
/*!40000 ALTER TABLE `tickets` ENABLE KEYS */;
UNLOCK TABLES;

--
-- Table structure for table `users`
--

DROP TABLE IF EXISTS `users`;
/*!40101 SET @saved_cs_client     = @@character_set_client */;
/*!40101 SET character_set_client = utf8 */;
CREATE TABLE `users` (
  `id` int(11) NOT NULL AUTO_INCREMENT,
  `fullname` varchar(50) NOT NULL,
  `password` varchar(60) NOT NULL,
  `dni` varchar(10) DEFAULT NULL,
  `date` date NOT NULL,
  `tel` varchar(20) DEFAULT NULL,
  `avatar` varchar(100) DEFAULT NULL,
  `rol` varchar(10) NOT NULL,
  `email` varchar(150) NOT NULL,
  `cp` varchar(10) DEFAULT NULL,
  `address` text DEFAULT NULL,
  PRIMARY KEY (`id`),
  UNIQUE KEY `email` (`email`)
) ENGINE=InnoDB AUTO_INCREMENT=1005 DEFAULT CHARSET=utf8;
/*!40101 SET character_set_client = @saved_cs_client */;

--
-- Dumping data for table `users`
--

LOCK TABLES `users` WRITE;
/*!40000 ALTER TABLE `users` DISABLE KEYS */;
INSERT INTO `users` VALUES (501,'Rolando Huxham','fe062defdc032e2d9d7d1e44cb394c93be08aa64','46641480','1911-07-02','299-960-9897','https://robohash.org/temporeofficiasuscipit.png?size=50x50&set=set1','ROL_USER','rhuxham0@gnu.org','1133',NULL),(502,'Avigdor Jarrad','fe062defdc032e2d9d7d1e44cb394c93be08aa64','15996002','1972-04-12','587-470-0125','https://robohash.org/autemquinobis.png?size=50x50&set=set1','ROL_USER','ajarrad1@mapquest.com','5792',NULL),(503,'Taddeusz Borless','fe062defdc032e2d9d7d1e44cb394c93be08aa64','27431057','1971-04-18','626-468-7735','https://robohash.org/quaereprehenderitquis.png?size=50x50&set=set1','ROL_USER','tborless2@apple.com','3238',NULL),(504,'Caesar McCook','fe062defdc032e2d9d7d1e44cb394c93be08aa64','29019946','1942-05-06','312-324-0149','https://robohash.org/atquecumoptio.png?size=50x50&set=set1','ROL_USER','cmccook3@hexun.com','5619',NULL),(505,'Bengt Silberschatz','fe062defdc032e2d9d7d1e44cb394c93be08aa64','43353194','1988-04-26','473-395-7332','https://robohash.org/enimomnisperspiciatis.png?size=50x50&set=set1','ROL_USER','bsilberschatz4@list-manage.com','7743',NULL),(506,'Trisha Mc Caughan','fe062defdc032e2d9d7d1e44cb394c93be08aa64','40805160','1968-09-21','552-413-7102','https://robohash.org/ducimusfugitnobis.png?size=50x50&set=set1','ROL_USER','tmc5@altervista.org','7085',NULL),(507,'Theodore Lightbowne','fe062defdc032e2d9d7d1e44cb394c93be08aa64','27230325','1998-08-29','300-725-7353','https://robohash.org/aperiamvelitvoluptates.png?size=50x50&set=set1','ROL_USER','tlightbowne6@fda.gov','1580',NULL),(508,'Oliy Halms','fe062defdc032e2d9d7d1e44cb394c93be08aa64','58041226','1935-08-05','887-262-5880','https://robohash.org/rerumoccaecatiquibusdam.png?size=50x50&set=set1','ROL_USER','ohalms7@gmpg.org','6866',NULL),(509,'Dominik Morde','fe062defdc032e2d9d7d1e44cb394c93be08aa64','50372332','1999-10-24','979-170-8063','https://robohash.org/quiablanditiisat.png?size=50x50&set=set1','ROL_USER','dmorde8@cloudflare.com','4161',NULL),(510,'Bent Katz','fe062defdc032e2d9d7d1e44cb394c93be08aa64','52789241','1985-08-08','379-796-7084','https://robohash.org/voluptatemnonqui.png?size=50x50&set=set1','ROL_USER','bkatz9@netlog.com','4692',NULL),(511,'Gordie Tebbe','fe062defdc032e2d9d7d1e44cb394c93be08aa64','61383266','1967-07-18','131-937-3421','https://robohash.org/dignissimosquisint.png?size=50x50&set=set1','ROL_USER','gtebbea@cornell.edu','3767',NULL),(512,'Ludovika Tousey','fe062defdc032e2d9d7d1e44cb394c93be08aa64','57498887','1916-04-03','228-965-4103','https://robohash.org/errorquoaperiam.png?size=50x50&set=set1','ROL_USER','ltouseyb@fda.gov','2371',NULL),(513,'Ronni McVity','fe062defdc032e2d9d7d1e44cb394c93be08aa64','48025977','1973-07-09','624-716-3603','https://robohash.org/enimlaboriosameum.png?size=50x50&set=set1','ROL_USER','rmcvityc@youtu.be','4402',NULL),(514,'Sherwin Bradley','fe062defdc032e2d9d7d1e44cb394c93be08aa64','21488851','1961-03-30','316-368-2997','https://robohash.org/laboriosamquasisint.png?size=50x50&set=set1','ROL_USER','sbradleyd@hc360.com','4409',NULL),(515,'Abbot Petrazzi','fe062defdc032e2d9d7d1e44cb394c93be08aa64','52189012','1986-07-03','449-318-1668','https://robohash.org/veritatissitmagni.png?size=50x50&set=set1','ROL_USER','apetrazzie@example.com','1125',NULL),(516,'Durward Bunce','fe062defdc032e2d9d7d1e44cb394c93be08aa64','32166369','1970-11-17','400-815-2010','https://robohash.org/eaquidemarchitecto.png?size=50x50&set=set1','ROL_USER','dbuncef@simplemachines.org','5053',NULL),(517,'Gavra Brierton','fe062defdc032e2d9d7d1e44cb394c93be08aa64','28709355','1911-01-18','487-791-3048','https://robohash.org/etautsaepe.png?size=50x50&set=set1','ROL_USER','gbriertong@storify.com','4731',NULL),(518,'Sophia Gisburn','fe062defdc032e2d9d7d1e44cb394c93be08aa64','56676922','1933-10-05','505-562-3313','https://robohash.org/doloribusadqui.png?size=50x50&set=set1','ROL_USER','sgisburnh@go.com','2361',NULL),(519,'Kai MacWilliam','fe062defdc032e2d9d7d1e44cb394c93be08aa64','31588386','1944-07-04','490-237-8893','https://robohash.org/vitaeeaquequis.png?size=50x50&set=set1','ROL_USER','kmacwilliami@nsw.gov.au','2884',NULL),(520,'Leonid Ubsdell','fe062defdc032e2d9d7d1e44cb394c93be08aa64','50130322','1976-09-23','485-124-5419','https://robohash.org/voluptatemnatusut.png?size=50x50&set=set1','ROL_USER','lubsdellj@va.gov','6400',NULL),(521,'Jemmy Dinwoodie','fe062defdc032e2d9d7d1e44cb394c93be08aa64','23452225','1973-02-27','186-890-3799','https://robohash.org/culpaquiamodi.png?size=50x50&set=set1','ROL_USER','jdinwoodiek@skype.com','8054',NULL),(522,'Beaufort Kender','fe062defdc032e2d9d7d1e44cb394c93be08aa64','52921264','1955-01-20','251-319-2606','https://robohash.org/itaquequiquae.png?size=50x50&set=set1','ROL_USER','bkenderl@oracle.com','6046',NULL),(523,'Ddene Hitschke','fe062defdc032e2d9d7d1e44cb394c93be08aa64','50074343','1942-04-25','337-742-9103','https://robohash.org/estipsamveritatis.png?size=50x50&set=set1','ROL_USER','dhitschkem@dyndns.org','5808',NULL),(524,'Nerti Hopkins','fe062defdc032e2d9d7d1e44cb394c93be08aa64','28036135','2002-03-07','296-581-3812','https://robohash.org/mollitiaquiadolorem.png?size=50x50&set=set1','ROL_USER','nhopkinsn@wikipedia.org','6666',NULL),(525,'Karna Karpmann','fe062defdc032e2d9d7d1e44cb394c93be08aa64','27754557','1988-03-30','603-948-7326','https://robohash.org/porroomnisullam.png?size=50x50&set=set1','ROL_USER','kkarpmanno@icq.com','7629',NULL),(526,'Adan Drewery','fe062defdc032e2d9d7d1e44cb394c93be08aa64','46130853','1942-09-26','503-872-9986','https://robohash.org/etrerumaut.png?size=50x50&set=set1','ROL_USER','adreweryp@reddit.com','6363',NULL),(527,'Sheppard Mounch','fe062defdc032e2d9d7d1e44cb394c93be08aa64','16233544','1955-09-12','117-704-4685','https://robohash.org/autsuntsit.png?size=50x50&set=set1','ROL_USER','smounchq@theguardian.com','4548',NULL),(528,'Mae Outerbridge','fe062defdc032e2d9d7d1e44cb394c93be08aa64','22534606','1988-11-18','342-815-1994','https://robohash.org/quasnobisvelit.png?size=50x50&set=set1','ROL_USER','mouterbridger@oaic.gov.au','6488',NULL),(529,'Nan Wyeth','fe062defdc032e2d9d7d1e44cb394c93be08aa64','23961643','1991-08-05','581-825-0078','https://robohash.org/saepeetquam.png?size=50x50&set=set1','ROL_USER','nwyeths@state.tx.us','3919',NULL),(530,'Ethelbert McLewd','fe062defdc032e2d9d7d1e44cb394c93be08aa64','19294318','1950-02-10','279-428-2913','https://robohash.org/autemcumvoluptatem.png?size=50x50&set=set1','ROL_USER','emclewdt@nasa.gov','2966',NULL),(531,'Trescha Bernardt','fe062defdc032e2d9d7d1e44cb394c93be08aa64','23664558','1993-12-06','720-390-6925','https://robohash.org/beataetotamsoluta.png?size=50x50&set=set1','ROL_USER','tbernardtu@senate.gov','4324',NULL),(532,'Lebbie Ogus','fe062defdc032e2d9d7d1e44cb394c93be08aa64','16428066','1982-01-25','381-927-4152','https://robohash.org/eosaspernaturasperiores.png?size=50x50&set=set1','ROL_USER','logusv@google.cn','8981',NULL),(533,'Munroe Jenking','fe062defdc032e2d9d7d1e44cb394c93be08aa64','17621453','1916-06-28','725-890-0014','https://robohash.org/solutaculparerum.png?size=50x50&set=set1','ROL_USER','mjenkingw@1und1.de','4024',NULL),(534,'Leonerd Elstone','fe062defdc032e2d9d7d1e44cb394c93be08aa64','60466238','1930-09-20','568-561-4837','https://robohash.org/uteacommodi.png?size=50x50&set=set1','ROL_USER','lelstonex@dropbox.com','7329',NULL),(535,'Noreen Gowanson','fe062defdc032e2d9d7d1e44cb394c93be08aa64','36776886','1916-10-06','626-405-5009','https://robohash.org/etquopraesentium.png?size=50x50&set=set1','ROL_USER','ngowansony@cloudflare.com','1041',NULL),(536,'Joshua Guierre','fe062defdc032e2d9d7d1e44cb394c93be08aa64','13842028','1939-09-18','403-546-7307','https://robohash.org/voluptasnesciuntrecusandae.png?size=50x50&set=set1','ROL_USER','jguierrez@phpbb.com','4589',NULL),(537,'Salvador Fulleylove','fe062defdc032e2d9d7d1e44cb394c93be08aa64','42782335','1922-09-25','842-318-7516','https://robohash.org/consectetureaquemolestiae.png?size=50x50&set=set1','ROL_USER','sfulleylove10@sbwire.com','1540',NULL),(538,'Gal Goodale','fe062defdc032e2d9d7d1e44cb394c93be08aa64','33055735','1990-04-06','208-739-6590','https://robohash.org/aspernaturetexpedita.png?size=50x50&set=set1','ROL_USER','ggoodale11@gravatar.com','5309',NULL),(539,'Mikey Borless','fe062defdc032e2d9d7d1e44cb394c93be08aa64','52629575','1999-11-26','485-457-7250','https://robohash.org/voluptatibusnisiut.png?size=50x50&set=set1','ROL_USER','mborless12@jalbum.net','1439',NULL),(540,'Gusella Haxley','fe062defdc032e2d9d7d1e44cb394c93be08aa64','40473841','1923-04-19','688-846-7040','https://robohash.org/etiureeum.png?size=50x50&set=set1','ROL_USER','ghaxley13@dyndns.org','5441',NULL),(541,'Hyacinthie Coiley','fe062defdc032e2d9d7d1e44cb394c93be08aa64','50795283','1930-05-05','284-725-4009','https://robohash.org/quisquamisteat.png?size=50x50&set=set1','ROL_USER','hcoiley14@buzzfeed.com','5904',NULL),(542,'Desmund Paxman','fe062defdc032e2d9d7d1e44cb394c93be08aa64','37797278','1933-08-26','851-692-1361','https://robohash.org/oditquibusdamquia.png?size=50x50&set=set1','ROL_USER','dpaxman15@marketwatch.com','2515',NULL),(543,'Anetta Vynall','fe062defdc032e2d9d7d1e44cb394c93be08aa64','59949765','1978-12-27','967-288-1641','https://robohash.org/consequunturassumendavoluptatem.png?size=50x50&set=set1','ROL_USER','avynall16@list-manage.com','6729',NULL),(544,'Emmey Drew','fe062defdc032e2d9d7d1e44cb394c93be08aa64','11511875','1991-09-01','235-953-5665','https://robohash.org/veritatisconsectetursuscipit.png?size=50x50&set=set1','ROL_USER','edrew17@weibo.com','8608',NULL),(545,'Dot Nisbith','fe062defdc032e2d9d7d1e44cb394c93be08aa64','33954144','1992-11-16','880-628-2394','https://robohash.org/utquibusdamillum.png?size=50x50&set=set1','ROL_USER','dnisbith18@bluehost.com','8531',NULL),(546,'Blondy Stallion','fe062defdc032e2d9d7d1e44cb394c93be08aa64','45603169','1975-12-15','840-520-3079','https://robohash.org/aeumpossimus.png?size=50x50&set=set1','ROL_USER','bstallion19@xinhuanet.com','5646',NULL),(547,'Jillayne Hynes','fe062defdc032e2d9d7d1e44cb394c93be08aa64','37375309','1926-03-23','202-549-4744','https://robohash.org/quassolutaest.png?size=50x50&set=set1','ROL_USER','jhynes1a@people.com.cn','2028',NULL),(548,'Kristina Vedenyapin','fe062defdc032e2d9d7d1e44cb394c93be08aa64','64333265','1993-11-13','822-885-9910','https://robohash.org/etmaioresaccusamus.png?size=50x50&set=set1','ROL_USER','kvedenyapin1b@qq.com','1699',NULL),(549,'Coleen Catlow','fe062defdc032e2d9d7d1e44cb394c93be08aa64','49479427','1994-09-30','169-353-9575','https://robohash.org/verodoloresvel.png?size=50x50&set=set1','ROL_USER','ccatlow1c@163.com','1416',NULL),(550,'Beniamino Attow','fe062defdc032e2d9d7d1e44cb394c93be08aa64','50597375','1923-05-10','788-131-7487','https://robohash.org/dolorducimusnecessitatibus.png?size=50x50&set=set1','ROL_USER','battow1d@netlog.com','4506',NULL),(551,'Oliviero Molines','fe062defdc032e2d9d7d1e44cb394c93be08aa64','15702375','1913-08-10','947-254-9837','https://robohash.org/blanditiistotamquis.png?size=50x50&set=set1','ROL_USER','omolines1e@youku.com','2073',NULL),(552,'Margarete Merredy','fe062defdc032e2d9d7d1e44cb394c93be08aa64','55024739','1981-01-05','865-368-8155','https://robohash.org/doloreminsit.png?size=50x50&set=set1','ROL_USER','mmerredy1f@utexas.edu','6200',NULL),(553,'Gil Brunger','fe062defdc032e2d9d7d1e44cb394c93be08aa64','35623239','1916-11-03','670-334-4190','https://robohash.org/voluptatemautvel.png?size=50x50&set=set1','ROL_USER','gbrunger1g@dropbox.com','8370',NULL),(554,'Ram Coldicott','fe062defdc032e2d9d7d1e44cb394c93be08aa64','49798938','1933-08-05','174-601-6830','https://robohash.org/utexpeditamolestiae.png?size=50x50&set=set1','ROL_USER','rcoldicott1h@themeforest.net','4591',NULL),(555,'Sunshine Solleme','fe062defdc032e2d9d7d1e44cb394c93be08aa64','56320102','1933-02-13','738-382-8116','https://robohash.org/temporaporrosequi.png?size=50x50&set=set1','ROL_USER','ssolleme1i@examiner.com','6305',NULL),(556,'Matias Longhorn','fe062defdc032e2d9d7d1e44cb394c93be08aa64','35339969','1971-02-11','255-306-4372','https://robohash.org/etnonaccusamus.png?size=50x50&set=set1','ROL_USER','mlonghorn1j@narod.ru','6943',NULL),(557,'Claudius Spurriar','fe062defdc032e2d9d7d1e44cb394c93be08aa64','60874499','1950-10-08','965-345-8679','https://robohash.org/aliaspossimusaccusamus.png?size=50x50&set=set1','ROL_USER','cspurriar1k@sciencedaily.com','3656',NULL),(558,'Andie Cowe','fe062defdc032e2d9d7d1e44cb394c93be08aa64','55923194','1941-07-13','315-726-2811','https://robohash.org/distinctiovoluptatemquisquam.png?size=50x50&set=set1','ROL_USER','acowe1l@infoseek.co.jp','6094',NULL),(559,'Sherwood Pottage','fe062defdc032e2d9d7d1e44cb394c93be08aa64','10499456','1933-12-13','186-211-5918','https://robohash.org/eummolestiaeea.png?size=50x50&set=set1','ROL_USER','spottage1m@sitemeter.com','8860',NULL),(560,'Barthel Midden','fe062defdc032e2d9d7d1e44cb394c93be08aa64','42124428','1924-07-28','143-586-9710','https://robohash.org/temporeculpahic.png?size=50x50&set=set1','ROL_USER','bmidden1n@bloglines.com','5284',NULL),(561,'Elsinore Rosewall','fe062defdc032e2d9d7d1e44cb394c93be08aa64','39705273','1944-12-07','297-715-8004','https://robohash.org/autquiadolorem.png?size=50x50&set=set1','ROL_USER','erosewall1o@ovh.net','7468',NULL),(562,'Erda Langelay','fe062defdc032e2d9d7d1e44cb394c93be08aa64','23272473','1958-03-07','829-214-6034','https://robohash.org/placeataliquamoccaecati.png?size=50x50&set=set1','ROL_USER','elangelay1p@fema.gov','6204',NULL),(563,'Susanne Vader','fe062defdc032e2d9d7d1e44cb394c93be08aa64','60842637','1987-11-06','625-556-5352','https://robohash.org/sitrerumvelit.png?size=50x50&set=set1','ROL_USER','svader1q@cmu.edu','2660',NULL),(564,'Mikey Ainscough','fe062defdc032e2d9d7d1e44cb394c93be08aa64','20831866','1959-02-24','523-684-6800','https://robohash.org/quosaccusantiumlaborum.png?size=50x50&set=set1','ROL_USER','mainscough1r@symantec.com','4153',NULL),(565,'Emmalynne Placidi','fe062defdc032e2d9d7d1e44cb394c93be08aa64','56773865','1967-03-16','549-864-8646','https://robohash.org/namdebitislaudantium.png?size=50x50&set=set1','ROL_USER','eplacidi1s@freewebs.com','1132',NULL),(566,'Shelby McDougall','fe062defdc032e2d9d7d1e44cb394c93be08aa64','25603581','1921-06-22','791-724-3981','https://robohash.org/utquibusdamaccusamus.png?size=50x50&set=set1','ROL_USER','smcdougall1t@moonfruit.com','4540',NULL),(567,'Ken Ley','fe062defdc032e2d9d7d1e44cb394c93be08aa64','24131285','1957-12-31','795-162-0003','https://robohash.org/nonaspernaturvoluptatem.png?size=50x50&set=set1','ROL_USER','kley1u@360.cn','5311',NULL),(568,'Rozanna Fullard','fe062defdc032e2d9d7d1e44cb394c93be08aa64','48703799','1937-08-20','527-855-9775','https://robohash.org/pariaturnesciuntiure.png?size=50x50&set=set1','ROL_USER','rfullard1v@flavors.me','1580',NULL),(569,'Ase Blanchflower','fe062defdc032e2d9d7d1e44cb394c93be08aa64','11739064','1938-06-15','259-637-5478','https://robohash.org/estvoluptatemdolorem.png?size=50x50&set=set1','ROL_USER','ablanchflower1w@homestead.com','6269',NULL),(570,'Doretta Busk','fe062defdc032e2d9d7d1e44cb394c93be08aa64','37461865','2002-12-07','170-180-9785','https://robohash.org/quidebitisaperiam.png?size=50x50&set=set1','ROL_USER','dbusk1x@wp.com','6607',NULL),(571,'Crissie McGirr','fe062defdc032e2d9d7d1e44cb394c93be08aa64','46951659','1960-01-22','436-301-3861','https://robohash.org/voluptatehicdolorem.png?size=50x50&set=set1','ROL_USER','cmcgirr1y@quantcast.com','4773',NULL),(572,'Quillan Raubenheimer','fe062defdc032e2d9d7d1e44cb394c93be08aa64','19218930','1966-10-28','757-459-8814','https://robohash.org/quisfacerelaboriosam.png?size=50x50&set=set1','ROL_USER','qraubenheimer1z@buzzfeed.com','2382',NULL),(573,'Russ Georgievski','fe062defdc032e2d9d7d1e44cb394c93be08aa64','39711557','1913-06-12','541-676-1362','https://robohash.org/utomniset.png?size=50x50&set=set1','ROL_USER','rgeorgievski20@jalbum.net','8568',NULL),(574,'Meredeth Guise','fe062defdc032e2d9d7d1e44cb394c93be08aa64','63223557','1969-02-02','169-165-1461','https://robohash.org/ettemporaquaerat.png?size=50x50&set=set1','ROL_USER','mguise21@bing.com','5833',NULL),(575,'Camel Wareham','fe062defdc032e2d9d7d1e44cb394c93be08aa64','26089895','2003-01-29','332-300-0362','https://robohash.org/temporaestdoloremque.png?size=50x50&set=set1','ROL_USER','cwareham22@linkedin.com','8019',NULL),(576,'Keith Cast','fe062defdc032e2d9d7d1e44cb394c93be08aa64','40473824','2003-01-11','820-114-3093','https://robohash.org/praesentiummagniaccusamus.png?size=50x50&set=set1','ROL_USER','kcast23@intel.com','1709',NULL),(577,'Katlin Pearman','fe062defdc032e2d9d7d1e44cb394c93be08aa64','25441656','1967-01-27','883-320-3651','https://robohash.org/temporibusdelectusmagnam.png?size=50x50&set=set1','ROL_USER','kpearman24@blogger.com','7036',NULL),(578,'Thayne Costelloe','fe062defdc032e2d9d7d1e44cb394c93be08aa64','51487471','1967-01-28','880-852-7518','https://robohash.org/utexplicaboblanditiis.png?size=50x50&set=set1','ROL_USER','tcostelloe25@mapy.cz','1090',NULL),(579,'Joyous Masser','fe062defdc032e2d9d7d1e44cb394c93be08aa64','26414317','1956-02-07','724-199-0075','https://robohash.org/reprehenderittemporadicta.png?size=50x50&set=set1','ROL_USER','jmasser26@howstuffworks.com','1192',NULL),(580,'Sayers Burdett','fe062defdc032e2d9d7d1e44cb394c93be08aa64','55013848','1994-07-15','563-959-9884','https://robohash.org/idoditofficiis.png?size=50x50&set=set1','ROL_USER','sburdett27@sina.com.cn','8112',NULL),(581,'Amye Geldart','fe062defdc032e2d9d7d1e44cb394c93be08aa64','52293173','1920-06-19','401-653-5960','https://robohash.org/etconsequaturut.png?size=50x50&set=set1','ROL_USER','ageldart28@lycos.com','5359',NULL),(582,'Micheil Clarae','fe062defdc032e2d9d7d1e44cb394c93be08aa64','12268014','1917-09-08','571-354-0160','https://robohash.org/cumpariaturrerum.png?size=50x50&set=set1','ROL_USER','mclarae29@google.com.hk','4903',NULL),(583,'Trefor McGriffin','fe062defdc032e2d9d7d1e44cb394c93be08aa64','41465511','1933-01-16','829-764-9517','https://robohash.org/estnonrerum.png?size=50x50&set=set1','ROL_USER','tmcgriffin2a@weebly.com','7049',NULL),(584,'Elke Bowland','fe062defdc032e2d9d7d1e44cb394c93be08aa64','26950240','1927-05-10','428-182-4142','https://robohash.org/etnecessitatibusquae.png?size=50x50&set=set1','ROL_USER','ebowland2b@weather.com','1591',NULL),(585,'Crystie Tondeur','fe062defdc032e2d9d7d1e44cb394c93be08aa64','55028514','1952-12-15','795-575-2962','https://robohash.org/corruptihicconsequatur.png?size=50x50&set=set1','ROL_USER','ctondeur2c@amazon.de','7109',NULL),(586,'Haleigh Chawner','fe062defdc032e2d9d7d1e44cb394c93be08aa64','62663133','1973-08-26','372-566-0485','https://robohash.org/etevenietsit.png?size=50x50&set=set1','ROL_USER','hchawner2d@lulu.com','4617',NULL),(587,'Bobbette Hazeldean','fe062defdc032e2d9d7d1e44cb394c93be08aa64','43916238','1989-03-20','681-885-1030','https://robohash.org/blanditiisetsaepe.png?size=50x50&set=set1','ROL_USER','bhazeldean2e@forbes.com','5819',NULL),(588,'Simona Nozzolii','fe062defdc032e2d9d7d1e44cb394c93be08aa64','17671993','1953-08-29','647-917-4229','https://robohash.org/nihilnostrumsaepe.png?size=50x50&set=set1','ROL_USER','snozzolii2f@fastcompany.com','3561',NULL),(589,'Cecilia Habben','fe062defdc032e2d9d7d1e44cb394c93be08aa64','17069894','1978-04-21','110-834-7421','https://robohash.org/sedullamiure.png?size=50x50&set=set1','ROL_USER','chabben2g@harvard.edu','1832',NULL),(590,'Hasheem Durham','fe062defdc032e2d9d7d1e44cb394c93be08aa64','54592443','1930-11-02','867-269-1403','https://robohash.org/inventoresimiliqueeum.png?size=50x50&set=set1','ROL_USER','hdurham2h@gnu.org','6096',NULL),(591,'Tomaso Parkhouse','fe062defdc032e2d9d7d1e44cb394c93be08aa64','34862485','1980-10-21','152-631-7118','https://robohash.org/repellatmodivitae.png?size=50x50&set=set1','ROL_USER','tparkhouse2i@stumbleupon.com','6421',NULL),(592,'Almeda Kilborn','fe062defdc032e2d9d7d1e44cb394c93be08aa64','21565729','1930-12-20','956-350-4396','https://robohash.org/utnisivel.png?size=50x50&set=set1','ROL_USER','akilborn2j@bizjournals.com','1679',NULL),(593,'Morie Dank','fe062defdc032e2d9d7d1e44cb394c93be08aa64','53535879','1959-07-11','853-670-7597','https://robohash.org/utrepudiandaenon.png?size=50x50&set=set1','ROL_USER','mdank2k@engadget.com','1142',NULL),(594,'Audry Minico','fe062defdc032e2d9d7d1e44cb394c93be08aa64','49441465','1916-10-02','367-533-6098','https://robohash.org/expeditanisifuga.png?size=50x50&set=set1','ROL_USER','aminico2l@nih.gov','2750',NULL),(595,'Corby Bonsey','fe062defdc032e2d9d7d1e44cb394c93be08aa64','36509096','1934-12-31','719-196-3433','https://robohash.org/insuntsuscipit.png?size=50x50&set=set1','ROL_USER','cbonsey2m@lulu.com','1328',NULL),(596,'Raynell Cryer','fe062defdc032e2d9d7d1e44cb394c93be08aa64','21298973','1932-02-20','253-268-5845','https://robohash.org/temporibussuntqui.png?size=50x50&set=set1','ROL_USER','rcryer2n@smh.com.au','5756',NULL),(597,'Christan Ciciotti','fe062defdc032e2d9d7d1e44cb394c93be08aa64','63966248','1977-04-14','849-731-8715','https://robohash.org/necessitatibusveniamquas.png?size=50x50&set=set1','ROL_USER','cciciotti2o@independent.co.uk','4359',NULL),(598,'Johannah Dunstall','fe062defdc032e2d9d7d1e44cb394c93be08aa64','51293416','1972-07-23','747-119-4463','https://robohash.org/evenietoditeligendi.png?size=50x50&set=set1','ROL_USER','jdunstall2p@shutterfly.com','4553',NULL),(599,'Mathilda Pallant','fe062defdc032e2d9d7d1e44cb394c93be08aa64','42771859','1931-04-26','384-445-6534','https://robohash.org/perferendisquonobis.png?size=50x50&set=set1','ROL_USER','mpallant2q@bloomberg.com','1697',NULL),(600,'Renado Luter','fe062defdc032e2d9d7d1e44cb394c93be08aa64','46369529','1949-07-16','136-296-3484','https://robohash.org/exquicumque.png?size=50x50&set=set1','ROL_USER','rluter2r@geocities.com','8130',NULL),(601,'Ashia Le Houx','fe062defdc032e2d9d7d1e44cb394c93be08aa64','24707616','1950-12-25','227-762-8812','https://robohash.org/velitfacerevoluptatem.png?size=50x50&set=set1','ROL_USER','ale2s@whitehouse.gov','4278',NULL),(602,'Mireille Twiggins','fe062defdc032e2d9d7d1e44cb394c93be08aa64','59428888','1964-03-28','970-824-3287','https://robohash.org/autemsuntpraesentium.png?size=50x50&set=set1','ROL_USER','mtwiggins2t@flickr.com','5895',NULL),(603,'Yettie Kepp','fe062defdc032e2d9d7d1e44cb394c93be08aa64','21134522','1952-07-25','137-537-9845','https://robohash.org/autemdolorematque.png?size=50x50&set=set1','ROL_USER','ykepp2u@shop-pro.jp','1509',NULL),(604,'Harlin Greed','fe062defdc032e2d9d7d1e44cb394c93be08aa64','18591034','1914-04-24','136-249-0758','https://robohash.org/atquelaudantiummollitia.png?size=50x50&set=set1','ROL_USER','hgreed2v@umn.edu','5307',NULL),(605,'Rycca Creasey','fe062defdc032e2d9d7d1e44cb394c93be08aa64','33604249','1997-07-21','247-204-7203','https://robohash.org/perferendisetid.png?size=50x50&set=set1','ROL_USER','rcreasey2w@wikispaces.com','1254',NULL),(606,'Kayle Ebbings','fe062defdc032e2d9d7d1e44cb394c93be08aa64','40937933','1999-10-08','399-961-6190','https://robohash.org/quosomnisnon.png?size=50x50&set=set1','ROL_USER','kebbings2x@twitpic.com','3005',NULL),(607,'Svend Natalie','fe062defdc032e2d9d7d1e44cb394c93be08aa64','53976518','1995-08-09','366-948-5530','https://robohash.org/architectodoloremea.png?size=50x50&set=set1','ROL_USER','snatalie2y@goo.ne.jp','1585',NULL),(608,'Lian Windeatt','fe062defdc032e2d9d7d1e44cb394c93be08aa64','15626381','1933-07-12','467-529-0484','https://robohash.org/maioressitipsa.png?size=50x50&set=set1','ROL_USER','lwindeatt2z@vimeo.com','3378',NULL),(609,'Deanna Cheshir','fe062defdc032e2d9d7d1e44cb394c93be08aa64','32294336','1975-06-06','308-587-6654','https://robohash.org/quoimpeditvoluptatum.png?size=50x50&set=set1','ROL_USER','dcheshir30@plala.or.jp','6668',NULL),(610,'Domini Braithwait','fe062defdc032e2d9d7d1e44cb394c93be08aa64','22787819','1969-10-01','587-977-1259','https://robohash.org/ducimusdignissimosimpedit.png?size=50x50&set=set1','ROL_USER','dbraithwait31@berkeley.edu','4876',NULL),(611,'Nevins Adamowitz','fe062defdc032e2d9d7d1e44cb394c93be08aa64','47049180','1928-03-28','248-821-6204','https://robohash.org/pariatureligendifugit.png?size=50x50&set=set1','ROL_USER','nadamowitz32@vistaprint.com','2361',NULL),(612,'Helenelizabeth Madner','fe062defdc032e2d9d7d1e44cb394c93be08aa64','57772733','1974-06-21','401-585-9990','https://robohash.org/suntquooccaecati.png?size=50x50&set=set1','ROL_USER','hmadner33@go.com','5251',NULL),(613,'Celia Bhatia','fe062defdc032e2d9d7d1e44cb394c93be08aa64','26719220','1984-11-06','209-859-4598','https://robohash.org/debitisametipsa.png?size=50x50&set=set1','ROL_USER','cbhatia34@samsung.com','2462',NULL),(614,'Garey Ding','fe062defdc032e2d9d7d1e44cb394c93be08aa64','42779195','1938-04-06','862-576-6628','https://robohash.org/providenteumet.png?size=50x50&set=set1','ROL_USER','gding35@joomla.org','6435',NULL),(615,'Gussie Drever','fe062defdc032e2d9d7d1e44cb394c93be08aa64','45235029','1988-07-27','903-341-1417','https://robohash.org/solutavelunde.png?size=50x50&set=set1','ROL_USER','gdrever36@creativecommons.org','2463',NULL),(616,'Gabbie Hanscombe','fe062defdc032e2d9d7d1e44cb394c93be08aa64','63373708','1976-07-27','596-814-5890','https://robohash.org/autplaceattemporibus.png?size=50x50&set=set1','ROL_USER','ghanscombe37@cbslocal.com','1339',NULL),(617,'Euphemia Holbury','fe062defdc032e2d9d7d1e44cb394c93be08aa64','41418291','1960-11-19','369-695-1803','https://robohash.org/aspernaturmagnamratione.png?size=50x50&set=set1','ROL_USER','eholbury38@blogger.com','7673',NULL),(618,'Viviana Wharton','fe062defdc032e2d9d7d1e44cb394c93be08aa64','42775520','1963-08-27','780-723-4977','https://robohash.org/voluptatemtenetureos.png?size=50x50&set=set1','ROL_USER','vwharton39@spiegel.de','7526',NULL),(619,'Darrell Winskill','cad1e9b27022fe0c43eb91d24b8303b25863f2fe','24568823','1912-11-12','461-420-2698','https://robohash.org/etullamet.png?size=50x50&set=set1','ROL_USER','dwinskill3a@ox.ac.uk','7555',NULL),(620,'Kacey Gibbie','cad1e9b27022fe0c43eb91d24b8303b25863f2fe','45120513','1936-01-23','117-570-0487','https://robohash.org/omnismolestiaefacere.png?size=50x50&set=set1','ROL_USER','kgibbie3b@surveymonkey.com','5081',NULL),(621,'Morgen Stening','cad1e9b27022fe0c43eb91d24b8303b25863f2fe','17127846','1983-12-07','714-488-6964','https://robohash.org/etmagnamdolor.png?size=50x50&set=set1','ROL_USER','mstening3c@state.tx.us','7300',NULL),(622,'Grata Thredder','cad1e9b27022fe0c43eb91d24b8303b25863f2fe','60889610','1936-09-15','722-171-1994','https://robohash.org/autrepellatofficiis.png?size=50x50&set=set1','ROL_USER','gthredder3d@github.com','5305',NULL),(623,'Baudoin Meadows','cad1e9b27022fe0c43eb91d24b8303b25863f2fe','60600853','1978-01-09','136-998-3030','https://robohash.org/illonobisest.png?size=50x50&set=set1','ROL_USER','bmeadows3e@berkeley.edu','2359',NULL),(624,'Domeniga Bunney','cad1e9b27022fe0c43eb91d24b8303b25863f2fe','39959333','1917-03-04','192-204-9855','https://robohash.org/rerumquisquaerat.png?size=50x50&set=set1','ROL_USER','dbunney3f@xrea.com','1946',NULL),(625,'Nerta Januszewski','cad1e9b27022fe0c43eb91d24b8303b25863f2fe','55889577','1915-09-10','753-564-8200','https://robohash.org/autidet.png?size=50x50&set=set1','ROL_USER','njanuszewski3g@sfgate.com','1250',NULL),(626,'Polly Corse','cad1e9b27022fe0c43eb91d24b8303b25863f2fe','63580112','1942-06-03','606-245-8511','https://robohash.org/autquonisi.png?size=50x50&set=set1','ROL_USER','pcorse3h@sciencedaily.com','1427',NULL),(627,'Sara Cardiff','cad1e9b27022fe0c43eb91d24b8303b25863f2fe','37420770','1995-02-12','536-485-2643','https://robohash.org/natusettotam.png?size=50x50&set=set1','ROL_USER','scardiff3i@plala.or.jp','7983',NULL),(628,'Jasen Wilkie','cad1e9b27022fe0c43eb91d24b8303b25863f2fe','35604466','1953-07-26','488-567-8184','https://robohash.org/debitisquaset.png?size=50x50&set=set1','ROL_USER','jwilkie3j@wufoo.com','6507',NULL),(629,'Lewiss Muddicliffe','cad1e9b27022fe0c43eb91d24b8303b25863f2fe','40196299','1937-11-26','710-186-1105','https://robohash.org/similiqueconsecteturnatus.png?size=50x50&set=set1','ROL_USER','lmuddicliffe3k@mozilla.org','2272',NULL),(630,'Jayme Dufaur','cad1e9b27022fe0c43eb91d24b8303b25863f2fe','25630599','1950-10-14','774-258-2999','https://robohash.org/ipsavoluptatibusqui.png?size=50x50&set=set1','ROL_USER','jdufaur3l@yale.edu','4679',NULL),(631,'Oliy Stive','cad1e9b27022fe0c43eb91d24b8303b25863f2fe','64813993','1917-04-06','948-580-7855','https://robohash.org/deseruntestanimi.png?size=50x50&set=set1','ROL_USER','ostive3m@jigsy.com','2553',NULL),(632,'Emelita Magenny','cad1e9b27022fe0c43eb91d24b8303b25863f2fe','57014499','1924-08-09','856-562-2492','https://robohash.org/sintetanimi.png?size=50x50&set=set1','ROL_USER','emagenny3n@bigcartel.com','1148',NULL),(633,'Ailyn Merioth','cad1e9b27022fe0c43eb91d24b8303b25863f2fe','39612939','1915-02-05','701-745-6139','https://robohash.org/evenietullamet.png?size=50x50&set=set1','ROL_USER','amerioth3o@joomla.org','5112',NULL),(634,'Grange Corking','cad1e9b27022fe0c43eb91d24b8303b25863f2fe','48683560','2002-12-03','824-776-9881','https://robohash.org/adipiscieosfuga.png?size=50x50&set=set1','ROL_USER','gcorking3p@bloglines.com','8538',NULL),(635,'Perkin McLukie','cad1e9b27022fe0c43eb91d24b8303b25863f2fe','12061257','1951-11-23','486-148-7408','https://robohash.org/assumendadoloribusin.png?size=50x50&set=set1','ROL_USER','pmclukie3q@java.com','3011',NULL),(636,'Lamont Wellman','cad1e9b27022fe0c43eb91d24b8303b25863f2fe','56881852','1953-10-25','576-464-8086','https://robohash.org/exessea.png?size=50x50&set=set1','ROL_USER','lwellman3r@omniture.com','6683',NULL),(637,'Stephine Tilte','cad1e9b27022fe0c43eb91d24b8303b25863f2fe','47808199','1941-03-12','816-321-1993','https://robohash.org/nonquiet.png?size=50x50&set=set1','ROL_USER','stilte3s@wunderground.com','1982',NULL),(638,'Lexine Chatelain','cad1e9b27022fe0c43eb91d24b8303b25863f2fe','33622777','1957-02-14','762-813-7626','https://robohash.org/abinnostrum.png?size=50x50&set=set1','ROL_USER','lchatelain3t@google.co.uk','4668',NULL),(639,'Marietta Outibridge','cad1e9b27022fe0c43eb91d24b8303b25863f2fe','63412184','1981-04-28','297-840-1664','https://robohash.org/etliberoaut.png?size=50x50&set=set1','ROL_USER','moutibridge3u@china.com.cn','8522',NULL),(640,'Lindsay Sholl','cad1e9b27022fe0c43eb91d24b8303b25863f2fe','30712255','1970-03-07','160-245-1780','https://robohash.org/hicundelibero.png?size=50x50&set=set1','ROL_USER','lsholl3v@hao123.com','8311',NULL),(641,'Kathie Crufts','cad1e9b27022fe0c43eb91d24b8303b25863f2fe','44363893','1982-12-05','354-678-4983','https://robohash.org/sedveniamvitae.png?size=50x50&set=set1','ROL_USER','kcrufts3w@usda.gov','2419',NULL),(642,'Nikolos Boulton','cad1e9b27022fe0c43eb91d24b8303b25863f2fe','15104138','1995-02-28','726-356-5558','https://robohash.org/excepturicorporisvel.png?size=50x50&set=set1','ROL_USER','nboulton3x@prweb.com','3142',NULL),(643,'Hestia Dumbleton','cad1e9b27022fe0c43eb91d24b8303b25863f2fe','51109385','1935-06-19','871-933-7354','https://robohash.org/etdoloremsint.png?size=50x50&set=set1','ROL_USER','hdumbleton3y@ihg.com','8909',NULL),(644,'Meade Sherrington','cad1e9b27022fe0c43eb91d24b8303b25863f2fe','11631806','1920-06-21','219-448-1243','https://robohash.org/consecteturconsequaturtotam.png?size=50x50&set=set1','ROL_USER','msherrington3z@dion.ne.jp','3518',NULL),(645,'Jorrie Grint','cad1e9b27022fe0c43eb91d24b8303b25863f2fe','54876652','1926-08-16','466-205-4106','https://robohash.org/commodimodiquasi.png?size=50x50&set=set1','ROL_USER','jgrint40@google.es','6592',NULL),(646,'Vivian Coldbreath','cad1e9b27022fe0c43eb91d24b8303b25863f2fe','33581761','1940-10-25','365-271-1514','https://robohash.org/autaliasasperiores.png?size=50x50&set=set1','ROL_USER','vcoldbreath41@printfriendly.com','6890',NULL),(647,'Jean Lafayette','cad1e9b27022fe0c43eb91d24b8303b25863f2fe','12936143','1980-03-08','137-702-7924','https://robohash.org/eaprovidentharum.png?size=50x50&set=set1','ROL_USER','jlafayette42@skyrock.com','8822',NULL),(648,'Shelia Laurenty','cad1e9b27022fe0c43eb91d24b8303b25863f2fe','37485695','1994-02-18','620-861-2020','https://robohash.org/dolorfacilisducimus.png?size=50x50&set=set1','ROL_USER','slaurenty43@people.com.cn','1307',NULL),(649,'Simona Evison','cad1e9b27022fe0c43eb91d24b8303b25863f2fe','13298042','1916-09-16','664-758-5668','https://robohash.org/utistesunt.png?size=50x50&set=set1','ROL_USER','sevison44@ask.com','7614',NULL),(650,'Arman Jorat','cad1e9b27022fe0c43eb91d24b8303b25863f2fe','30444273','1991-03-25','451-532-6741','https://robohash.org/quosvoluptatemassumenda.png?size=50x50&set=set1','ROL_USER','ajorat45@twitter.com','8574',NULL),(651,'Frans Ower','cad1e9b27022fe0c43eb91d24b8303b25863f2fe','58298799','1962-07-09','652-397-3576','https://robohash.org/distinctioofficiaipsa.png?size=50x50&set=set1','ROL_USER','fower46@comcast.net','3284',NULL),(652,'Jarret Good','cad1e9b27022fe0c43eb91d24b8303b25863f2fe','50348866','1971-12-29','248-287-8380','https://robohash.org/similiqueofficiavoluptate.png?size=50x50&set=set1','ROL_USER','jgood47@opera.com','8244',NULL),(653,'Kennett Petters','cad1e9b27022fe0c43eb91d24b8303b25863f2fe','15325238','1957-06-04','984-618-9217','https://robohash.org/voluptatemvoluptatibuset.png?size=50x50&set=set1','ROL_USER','kpetters48@jugem.jp','3752',NULL),(654,'Morty Biggin','cad1e9b27022fe0c43eb91d24b8303b25863f2fe','37592362','1986-09-03','591-166-2007','https://robohash.org/sequicupiditatedolor.png?size=50x50&set=set1','ROL_USER','mbiggin49@elegantthemes.com','7741',NULL),(655,'Cecily Dymoke','cad1e9b27022fe0c43eb91d24b8303b25863f2fe','51329974','2002-10-20','478-648-2970','https://robohash.org/voluptatemnonprovident.png?size=50x50&set=set1','ROL_USER','cdymoke4a@godaddy.com','6522',NULL),(656,'Elisabeth Lymbourne','cad1e9b27022fe0c43eb91d24b8303b25863f2fe','56695807','1931-10-13','658-352-3683','https://robohash.org/etoditatque.png?size=50x50&set=set1','ROL_USER','elymbourne4b@census.gov','7996',NULL),(657,'Garland Knowles','cad1e9b27022fe0c43eb91d24b8303b25863f2fe','37491910','1940-01-13','617-368-1888','https://robohash.org/rationedelectusipsum.png?size=50x50&set=set1','ROL_USER','gknowles4c@baidu.com','4787',NULL),(658,'Keelby Habershon','cad1e9b27022fe0c43eb91d24b8303b25863f2fe','62404831','1998-01-16','333-228-7443','https://robohash.org/reiciendisquiaducimus.png?size=50x50&set=set1','ROL_USER','khabershon4d@deliciousdays.com','6887',NULL),(659,'Bette Giral','cad1e9b27022fe0c43eb91d24b8303b25863f2fe','56818234','1919-07-06','420-935-8512','https://robohash.org/temporibustemporaconsequatur.png?size=50x50&set=set1','ROL_USER','bgiral4e@boston.com','6455',NULL),(660,'Bernadina Chesley','cad1e9b27022fe0c43eb91d24b8303b25863f2fe','18525704','1963-01-02','642-755-7175','https://robohash.org/isteestet.png?size=50x50&set=set1','ROL_USER','bchesley4f@tinyurl.com','7261',NULL),(661,'Baron Hakonsen','cad1e9b27022fe0c43eb91d24b8303b25863f2fe','52948783','1946-10-22','399-566-4993','https://robohash.org/itaquequivelit.png?size=50x50&set=set1','ROL_USER','bhakonsen4g@artisteer.com','5387',NULL),(662,'Milton Girdwood','cad1e9b27022fe0c43eb91d24b8303b25863f2fe','12649381','1944-10-24','453-111-5667','https://robohash.org/cupiditateaccusamusmagnam.png?size=50x50&set=set1','ROL_USER','mgirdwood4h@indiatimes.com','2185',NULL),(663,'Cornall Speeks','cad1e9b27022fe0c43eb91d24b8303b25863f2fe','61453003','1956-08-15','129-999-3375','https://robohash.org/autminusharum.png?size=50x50&set=set1','ROL_USER','cspeeks4i@nydailynews.com','6583',NULL),(664,'Farlie Woolvin','cad1e9b27022fe0c43eb91d24b8303b25863f2fe','45431278','1921-08-24','650-741-2966','https://robohash.org/dolordignissimosfuga.png?size=50x50&set=set1','ROL_USER','fwoolvin4j@thetimes.co.uk','5414',NULL),(665,'Colette Sansum','cad1e9b27022fe0c43eb91d24b8303b25863f2fe','22092587','1958-08-09','796-666-3875','https://robohash.org/voluptatesnisibeatae.png?size=50x50&set=set1','ROL_USER','csansum4k@hud.gov','4884',NULL),(666,'Stearne Dressel','cad1e9b27022fe0c43eb91d24b8303b25863f2fe','16035187','1921-05-31','791-735-1271','https://robohash.org/eligendiliberovoluptatem.png?size=50x50&set=set1','ROL_USER','sdressel4l@csmonitor.com','1398',NULL),(667,'Konstance Poleye','cad1e9b27022fe0c43eb91d24b8303b25863f2fe','28652304','1943-06-14','935-284-3294','https://robohash.org/omnisexpeditaex.png?size=50x50&set=set1','ROL_USER','kpoleye4m@storify.com','1252',NULL),(668,'Giraud Miko','cad1e9b27022fe0c43eb91d24b8303b25863f2fe','45472082','1911-01-19','295-565-8193','https://robohash.org/perspiciatisitaqueaspernatur.png?size=50x50&set=set1','ROL_USER','gmiko4n@friendfeed.com','4956',NULL),(669,'Llywellyn Mathivet','cad1e9b27022fe0c43eb91d24b8303b25863f2fe','21849917','1956-05-20','231-376-4774','https://robohash.org/minimasintnecessitatibus.png?size=50x50&set=set1','ROL_USER','lmathivet4o@wikispaces.com','8556',NULL),(670,'Betteann Silcocks','cad1e9b27022fe0c43eb91d24b8303b25863f2fe','16399283','1966-06-26','531-569-4239','https://robohash.org/sitquiin.png?size=50x50&set=set1','ROL_USER','bsilcocks4p@slashdot.org','4097',NULL),(671,'Ulrika Orringe','cad1e9b27022fe0c43eb91d24b8303b25863f2fe','43447853','1998-05-02','770-662-5353','https://robohash.org/velitutiste.png?size=50x50&set=set1','ROL_USER','uorringe4q@theglobeandmail.com','1551',NULL),(672,'Maressa Joseland','cad1e9b27022fe0c43eb91d24b8303b25863f2fe','32262746','1933-05-10','192-260-3391','https://robohash.org/autquodolores.png?size=50x50&set=set1','ROL_USER','mjoseland4r@techcrunch.com','8327',NULL),(673,'Hattie Busswell','cad1e9b27022fe0c43eb91d24b8303b25863f2fe','28349312','1920-09-28','417-821-5710','https://robohash.org/quibusdamsiteos.png?size=50x50&set=set1','ROL_USER','hbusswell4s@examiner.com','8472',NULL),(674,'Mahalia Steade','cad1e9b27022fe0c43eb91d24b8303b25863f2fe','51611282','1978-11-20','631-756-8574','https://robohash.org/velitsitperferendis.png?size=50x50&set=set1','ROL_USER','msteade4t@ustream.tv','6238',NULL),(675,'Jeramie Hawkshaw','cad1e9b27022fe0c43eb91d24b8303b25863f2fe','21996874','1993-07-29','247-225-1472','https://robohash.org/temporaautdoloremque.png?size=50x50&set=set1','ROL_USER','jhawkshaw4u@deliciousdays.com','5623',NULL),(676,'Winona Taylour','cad1e9b27022fe0c43eb91d24b8303b25863f2fe','47826274','1950-04-20','624-725-8832','https://robohash.org/atiustosoluta.png?size=50x50&set=set1','ROL_USER','wtaylour4v@dell.com','5257',NULL),(677,'Alanson Tether','cad1e9b27022fe0c43eb91d24b8303b25863f2fe','25883047','1944-12-04','668-706-8126','https://robohash.org/sintetquas.png?size=50x50&set=set1','ROL_USER','atether4w@berkeley.edu','4365',NULL),(678,'Frederich Fenne','cad1e9b27022fe0c43eb91d24b8303b25863f2fe','64657026','1955-03-28','837-987-3574','https://robohash.org/delectusquamvoluptas.png?size=50x50&set=set1','ROL_USER','ffenne4x@amazon.co.jp','2982',NULL),(679,'Danny Libbey','cad1e9b27022fe0c43eb91d24b8303b25863f2fe','53497727','1923-09-25','844-302-5611','https://robohash.org/sitimpeditmolestiae.png?size=50x50&set=set1','ROL_USER','dlibbey4y@theglobeandmail.com','4566',NULL),(680,'Calla Fearenside','cad1e9b27022fe0c43eb91d24b8303b25863f2fe','60561129','1985-07-16','685-222-0150','https://robohash.org/doloresfugitet.png?size=50x50&set=set1','ROL_USER','cfearenside4z@ning.com','6400',NULL),(681,'Eada Witchalls','cad1e9b27022fe0c43eb91d24b8303b25863f2fe','26180152','2000-02-02','757-706-7059','https://robohash.org/quisquamoptiomagni.png?size=50x50&set=set1','ROL_USER','ewitchalls50@google.de','6941',NULL),(682,'Nicolea Bleby','cad1e9b27022fe0c43eb91d24b8303b25863f2fe','30376079','1969-01-05','999-155-5790','https://robohash.org/autquosit.png?size=50x50&set=set1','ROL_USER','nbleby51@youku.com','7634',NULL),(683,'Angelo Gifkins','cad1e9b27022fe0c43eb91d24b8303b25863f2fe','41217475','1931-01-18','202-936-3800','https://robohash.org/iustoexplicabototam.png?size=50x50&set=set1','ROL_USER','agifkins52@uiuc.edu','6039',NULL),(684,'Margaret Docket','cad1e9b27022fe0c43eb91d24b8303b25863f2fe','10488915','1963-04-06','143-454-5220','https://robohash.org/atquerepudiandaeearum.png?size=50x50&set=set1','ROL_USER','mdocket53@mapquest.com','3463',NULL),(685,'Felita Rudgerd','cad1e9b27022fe0c43eb91d24b8303b25863f2fe','54389339','1992-11-16','419-747-5338','https://robohash.org/excepturiautveniam.png?size=50x50&set=set1','ROL_USER','frudgerd54@webmd.com','4921',NULL),(686,'Hollis Alster','cad1e9b27022fe0c43eb91d24b8303b25863f2fe','36126903','1954-11-12','448-707-9974','https://robohash.org/recusandaeatperspiciatis.png?size=50x50&set=set1','ROL_USER','halster55@blogger.com','5740',NULL),(687,'Niall Mathwen','cad1e9b27022fe0c43eb91d24b8303b25863f2fe','58866483','1973-10-27','603-397-4572','https://robohash.org/veritatisculpamolestiae.png?size=50x50&set=set1','ROL_USER','nmathwen56@cpanel.net','4745',NULL),(688,'Vinnie Hazzard','cad1e9b27022fe0c43eb91d24b8303b25863f2fe','48064890','1983-12-18','768-515-9883','https://robohash.org/temporedoloribusaut.png?size=50x50&set=set1','ROL_USER','vhazzard57@washington.edu','3983',NULL),(689,'Roshelle Blasl','cad1e9b27022fe0c43eb91d24b8303b25863f2fe','50475483','1919-04-03','778-589-2908','https://robohash.org/ametimpeditsed.png?size=50x50&set=set1','ROL_USER','rblasl58@about.me','4149',NULL),(690,'Cecilia de Nore','cad1e9b27022fe0c43eb91d24b8303b25863f2fe','52584151','1941-05-24','526-706-9846','https://robohash.org/quiavoluptasid.png?size=50x50&set=set1','ROL_USER','cde59@salon.com','2282',NULL),(691,'Sam McKellen','cad1e9b27022fe0c43eb91d24b8303b25863f2fe','21119727','1944-01-29','690-115-0862','https://robohash.org/utdolorvoluptas.png?size=50x50&set=set1','ROL_USER','smckellen5a@comcast.net','3649',NULL),(692,'Annalise Kos','cad1e9b27022fe0c43eb91d24b8303b25863f2fe','40452878','1911-04-25','792-333-8718','https://robohash.org/etmagnamtenetur.png?size=50x50&set=set1','ROL_USER','akos5b@altervista.org','3508',NULL),(693,'Danny Bradane','cad1e9b27022fe0c43eb91d24b8303b25863f2fe','59753824','1929-06-03','284-251-0570','https://robohash.org/rationefugaeius.png?size=50x50&set=set1','ROL_USER','dbradane5c@icio.us','6578',NULL),(694,'Rhea Quickfall','cad1e9b27022fe0c43eb91d24b8303b25863f2fe','33342589','1956-06-02','782-859-2816','https://robohash.org/vitaeveritatisnatus.png?size=50x50&set=set1','ROL_USER','rquickfall5d@irs.gov','3760',NULL),(695,'Jonis Haly','cad1e9b27022fe0c43eb91d24b8303b25863f2fe','45209581','1943-05-08','358-941-9059','https://robohash.org/doloresvoluptatemcommodi.png?size=50x50&set=set1','ROL_USER','jhaly5e@vinaora.com','8879',NULL),(696,'Yves Paling','cad1e9b27022fe0c43eb91d24b8303b25863f2fe','25318032','1949-10-03','597-937-7724','https://robohash.org/nemoutquam.png?size=50x50&set=set1','ROL_USER','ypaling5f@mozilla.org','5975',NULL),(697,'Lynne Wordsley','cad1e9b27022fe0c43eb91d24b8303b25863f2fe','33889522','1977-04-05','823-859-4181','https://robohash.org/repellatvoluptasaspernatur.png?size=50x50&set=set1','ROL_USER','lwordsley5g@tumblr.com','4036',NULL),(698,'Mirabelle Hellin','cad1e9b27022fe0c43eb91d24b8303b25863f2fe','24924576','1959-09-11','376-862-4528','https://robohash.org/velitomnismolestiae.png?size=50x50&set=set1','ROL_USER','mhellin5h@acquirethisname.com','4413',NULL),(699,'Kasey Berzen','cad1e9b27022fe0c43eb91d24b8303b25863f2fe','23367811','1939-06-10','772-512-4963','https://robohash.org/maximevelitet.png?size=50x50&set=set1','ROL_USER','kberzen5i@hexun.com','1208',NULL),(700,'Godard Keneford','cad1e9b27022fe0c43eb91d24b8303b25863f2fe','50279280','1964-01-22','409-625-7031','https://robohash.org/etquiipsam.png?size=50x50&set=set1','ROL_USER','gkeneford5j@stumbleupon.com','1327',NULL),(701,'Trix Soigne','cad1e9b27022fe0c43eb91d24b8303b25863f2fe','24424271','1940-07-08','484-668-4700','https://robohash.org/quisquamexcepturiipsa.png?size=50x50&set=set1','ROL_USER','tsoigne5k@narod.ru','4245',NULL),(702,'Collie Westrip','cad1e9b27022fe0c43eb91d24b8303b25863f2fe','51607446','1978-08-10','242-212-7253','https://robohash.org/cupiditaterepellatut.png?size=50x50&set=set1','ROL_USER','cwestrip5l@scientificamerican.com','1185',NULL),(703,'Allister Buney','cad1e9b27022fe0c43eb91d24b8303b25863f2fe','33214899','1927-01-15','993-747-7212','https://robohash.org/quiacumqueut.png?size=50x50&set=set1','ROL_USER','abuney5m@meetup.com','1408',NULL),(704,'Tremain Wilfling','cad1e9b27022fe0c43eb91d24b8303b25863f2fe','18300377','1922-10-07','572-340-9216','https://robohash.org/eosseddolores.png?size=50x50&set=set1','ROL_USER','twilfling5n@wordpress.org','7922',NULL),(705,'Darin Torritti','cad1e9b27022fe0c43eb91d24b8303b25863f2fe','27749102','1978-07-13','190-415-3057','https://robohash.org/nonfugiatvoluptas.png?size=50x50&set=set1','ROL_USER','dtorritti5o@plala.or.jp','1534',NULL),(706,'Beatrisa Arniz','cad1e9b27022fe0c43eb91d24b8303b25863f2fe','40554651','1979-12-14','687-360-5078','https://robohash.org/accusamusoptiorerum.png?size=50x50&set=set1','ROL_USER','barniz5p@usatoday.com','5729',NULL),(707,'Lane Giannazzo','cad1e9b27022fe0c43eb91d24b8303b25863f2fe','17159711','1985-06-19','757-617-4897','https://robohash.org/dignissimosullamipsum.png?size=50x50&set=set1','ROL_USER','lgiannazzo5q@squidoo.com','8791',NULL),(708,'Chiquia Kennally','cad1e9b27022fe0c43eb91d24b8303b25863f2fe','36677293','1911-02-05','290-706-6068','https://robohash.org/laboreexvelit.png?size=50x50&set=set1','ROL_USER','ckennally5r@google.cn','7399',NULL),(709,'Aluin Bruhn','cad1e9b27022fe0c43eb91d24b8303b25863f2fe','34138158','1969-11-05','258-851-4431','https://robohash.org/sitperferendisplaceat.png?size=50x50&set=set1','ROL_USER','abruhn5s@latimes.com','6626',NULL),(710,'Rosemarie Bourgaize','cad1e9b27022fe0c43eb91d24b8303b25863f2fe','19917748','1969-08-23','793-124-0504','https://robohash.org/beataeitaquevelit.png?size=50x50&set=set1','ROL_USER','rbourgaize5t@drupal.org','7137',NULL),(711,'Burk Urey','cad1e9b27022fe0c43eb91d24b8303b25863f2fe','11413703','1935-03-13','655-316-0891','https://robohash.org/voluptascumquas.png?size=50x50&set=set1','ROL_USER','burey5u@t.co','7166',NULL),(712,'Ferrell Gussie','cad1e9b27022fe0c43eb91d24b8303b25863f2fe','23544162','1980-11-03','432-137-6948','https://robohash.org/ametiustoquasi.png?size=50x50&set=set1','ROL_USER','fgussie5v@blogs.com','3991',NULL),(713,'Cherianne Franzotto','cad1e9b27022fe0c43eb91d24b8303b25863f2fe','20447042','1983-07-15','440-742-8566','https://robohash.org/nobissuntquia.png?size=50x50&set=set1','ROL_USER','cfranzotto5w@wunderground.com','7395',NULL),(714,'Shelly Trethowan','cad1e9b27022fe0c43eb91d24b8303b25863f2fe','21532553','1968-04-27','986-383-2558','https://robohash.org/voluptatemanimivoluptatem.png?size=50x50&set=set1','ROL_USER','strethowan5x@rambler.ru','2594',NULL),(715,'Mady Ingram','cad1e9b27022fe0c43eb91d24b8303b25863f2fe','16927081','1936-01-03','548-251-7100','https://robohash.org/voluptatibusexplicaboincidunt.png?size=50x50&set=set1','ROL_USER','mingram5y@tripod.com','6027',NULL),(716,'Rebecka Batalini','cad1e9b27022fe0c43eb91d24b8303b25863f2fe','51962643','1932-09-22','635-750-4197','https://robohash.org/earumquiaquisquam.png?size=50x50&set=set1','ROL_USER','rbatalini5z@altervista.org','5199',NULL),(717,'Jeff Blunden','cad1e9b27022fe0c43eb91d24b8303b25863f2fe','47467173','1927-12-17','960-463-6756','https://robohash.org/estprovidentmollitia.png?size=50x50&set=set1','ROL_USER','jblunden60@mtv.com','6784',NULL),(718,'Jeannie Seden','cad1e9b27022fe0c43eb91d24b8303b25863f2fe','43359408','1940-05-06','976-952-4997','https://robohash.org/uteiusaliquam.png?size=50x50&set=set1','ROL_USER','jseden61@senate.gov','8342',NULL),(719,'Alice Fossord','cad1e9b27022fe0c43eb91d24b8303b25863f2fe','57086385','1978-09-01','743-984-0691','https://robohash.org/beataeexcepturiquae.png?size=50x50&set=set1','ROL_USER','afossord62@usnews.com','2572',NULL),(720,'Rhodie Gilardoni','cad1e9b27022fe0c43eb91d24b8303b25863f2fe','38043480','1980-04-14','643-806-6656','https://robohash.org/possimusquibusdamnon.png?size=50x50&set=set1','ROL_USER','rgilardoni63@harvard.edu','3161',NULL),(721,'Barbaraanne Broszkiewicz','cad1e9b27022fe0c43eb91d24b8303b25863f2fe','58686194','1978-03-25','247-280-7313','https://robohash.org/iureoditquae.png?size=50x50&set=set1','ROL_USER','bbroszkiewicz64@mediafire.com','1818',NULL),(722,'Rusty Bertwistle','cad1e9b27022fe0c43eb91d24b8303b25863f2fe','38988196','1997-05-07','704-151-0062','https://robohash.org/etpossimuscumque.png?size=50x50&set=set1','ROL_USER','rbertwistle65@guardian.co.uk','4523',NULL),(723,'Murdock Docksey','cad1e9b27022fe0c43eb91d24b8303b25863f2fe','45724838','1973-08-31','763-812-5868','https://robohash.org/consequaturasperioresillo.png?size=50x50&set=set1','ROL_USER','mdocksey66@vinaora.com','2291',NULL),(724,'Trish Abramow','cad1e9b27022fe0c43eb91d24b8303b25863f2fe','35648458','1983-10-09','487-918-4756','https://robohash.org/quaemolestiaeexplicabo.png?size=50x50&set=set1','ROL_USER','tabramow67@dmoz.org','6932',NULL),(725,'Abigale Back','cad1e9b27022fe0c43eb91d24b8303b25863f2fe','53179350','1912-08-20','666-546-1580','https://robohash.org/consecteturvitaemaxime.png?size=50x50&set=set1','ROL_USER','aback68@wunderground.com','6441',NULL),(726,'Fredrick Hadcock','cad1e9b27022fe0c43eb91d24b8303b25863f2fe','51631975','1917-02-14','460-653-3530','https://robohash.org/animivoluptatumquia.png?size=50x50&set=set1','ROL_USER','fhadcock69@aboutads.info','5305',NULL),(727,'Alica Flippini','cad1e9b27022fe0c43eb91d24b8303b25863f2fe','34047672','1966-09-10','168-434-2272','https://robohash.org/errorvoluptatespariatur.png?size=50x50&set=set1','ROL_USER','aflippini6a@pcworld.com','2512',NULL),(728,'Jeniffer Portsmouth','cad1e9b27022fe0c43eb91d24b8303b25863f2fe','45963053','1943-05-26','231-447-4958','https://robohash.org/etquiaalias.png?size=50x50&set=set1','ROL_USER','jportsmouth6b@infoseek.co.jp','4353',NULL),(729,'Tawnya Neasham','cad1e9b27022fe0c43eb91d24b8303b25863f2fe','25266483','1945-02-19','285-936-7737','https://robohash.org/voluptatemeiusdolore.png?size=50x50&set=set1','ROL_USER','tneasham6c@army.mil','4008',NULL),(730,'Tootsie Leeman','cad1e9b27022fe0c43eb91d24b8303b25863f2fe','24241669','1922-07-20','208-723-2443','https://robohash.org/nequeutvoluptas.png?size=50x50&set=set1','ROL_USER','tleeman6d@arstechnica.com','4383',NULL),(731,'Roxy Phippen','cad1e9b27022fe0c43eb91d24b8303b25863f2fe','50505899','1967-03-23','831-228-5370','https://robohash.org/pariaturrepellataliquid.png?size=50x50&set=set1','ROL_USER','rphippen6e@businessweek.com','7465',NULL),(732,'Danna Devaney','cad1e9b27022fe0c43eb91d24b8303b25863f2fe','30208730','1981-01-21','962-111-8511','https://robohash.org/veroatquos.png?size=50x50&set=set1','ROL_USER','ddevaney6f@miitbeian.gov.cn','2699',NULL),(733,'Gilli Larking','cad1e9b27022fe0c43eb91d24b8303b25863f2fe','41825805','1915-03-23','245-467-5435','https://robohash.org/perferendisplaceatomnis.png?size=50x50&set=set1','ROL_USER','glarking6g@answers.com','5210',NULL),(734,'Nita Werendell','cad1e9b27022fe0c43eb91d24b8303b25863f2fe','61590534','1911-01-09','783-915-7900','https://robohash.org/utexpeditaeum.png?size=50x50&set=set1','ROL_USER','nwerendell6h@marriott.com','6818',NULL),(735,'Thomasina Durrant','cad1e9b27022fe0c43eb91d24b8303b25863f2fe','34141292','1911-04-29','579-876-6138','https://robohash.org/sitnumquamenim.png?size=50x50&set=set1','ROL_USER','tdurrant6i@nyu.edu','5048',NULL),(736,'Rufe Pridie','cad1e9b27022fe0c43eb91d24b8303b25863f2fe','53126030','1976-10-06','702-609-5947','https://robohash.org/repudiandaedistinctioest.png?size=50x50&set=set1','ROL_USER','rpridie6j@pinterest.com','1460',NULL),(737,'Robert Frichley','cad1e9b27022fe0c43eb91d24b8303b25863f2fe','28171021','1946-06-03','813-682-2078','https://robohash.org/consequunturipsumsunt.png?size=50x50&set=set1','ROL_USER','rfrichley6k@gmpg.org','1928',NULL),(738,'Carlota Hubane','cad1e9b27022fe0c43eb91d24b8303b25863f2fe','56087215','1963-08-20','817-701-8508','https://robohash.org/inconsequaturet.png?size=50x50&set=set1','ROL_USER','chubane6l@flickr.com','2141',NULL),(739,'Marty Stothart','cad1e9b27022fe0c43eb91d24b8303b25863f2fe','62425542','1969-09-18','976-650-4684','https://robohash.org/ipsamrecusandaeaccusamus.png?size=50x50&set=set1','ROL_USER','mstothart6m@virginia.edu','5683',NULL),(740,'Abraham Coupe','cad1e9b27022fe0c43eb91d24b8303b25863f2fe','17504430','1947-02-01','527-617-8906','https://robohash.org/utenimin.png?size=50x50&set=set1','ROL_USER','acoupe6n@ask.com','2639',NULL),(741,'Noelle Seacombe','cad1e9b27022fe0c43eb91d24b8303b25863f2fe','22448365','1952-03-09','436-546-5520','https://robohash.org/estetnumquam.png?size=50x50&set=set1','ROL_USER','nseacombe6o@mit.edu','2807',NULL),(742,'Grethel Coote','cad1e9b27022fe0c43eb91d24b8303b25863f2fe','53447774','1950-07-13','375-741-1242','https://robohash.org/autemearumvero.png?size=50x50&set=set1','ROL_USER','gcoote6p@sourceforge.net','1178',NULL),(743,'Perice Chasles','cad1e9b27022fe0c43eb91d24b8303b25863f2fe','35329672','1933-04-01','873-964-7538','https://robohash.org/etvelblanditiis.png?size=50x50&set=set1','ROL_USER','pchasles6q@comsenz.com','1091',NULL),(744,'Louis Abramson','cad1e9b27022fe0c43eb91d24b8303b25863f2fe','16740244','1947-03-23','691-907-6753','https://robohash.org/quiadcum.png?size=50x50&set=set1','ROL_USER','labramson6r@howstuffworks.com','7523',NULL),(745,'Welbie Forte','cad1e9b27022fe0c43eb91d24b8303b25863f2fe','14753200','1999-06-18','921-906-2656','https://robohash.org/voluptatemreiciendisiure.png?size=50x50&set=set1','ROL_USER','wforte6s@ovh.net','4141',NULL),(746,'Aryn Tackes','cad1e9b27022fe0c43eb91d24b8303b25863f2fe','23465698','1964-07-17','728-392-1786','https://robohash.org/quasiureaperiam.png?size=50x50&set=set1','ROL_USER','atackes6t@wisc.edu','4688',NULL),(747,'Mela Klesl','cad1e9b27022fe0c43eb91d24b8303b25863f2fe','48383778','1929-12-10','526-417-2508','https://robohash.org/etrationenulla.png?size=50x50&set=set1','ROL_USER','mklesl6u@reuters.com','3669',NULL),(748,'Christal Scurrell','cad1e9b27022fe0c43eb91d24b8303b25863f2fe','24912413','1958-05-10','197-228-2087','https://robohash.org/omnisnisivoluptatibus.png?size=50x50&set=set1','ROL_USER','cscurrell6v@furl.net','2336',NULL),(749,'Alix McEniry','cad1e9b27022fe0c43eb91d24b8303b25863f2fe','23889816','1974-12-12','174-244-9861','https://robohash.org/etlaboriosamnihil.png?size=50x50&set=set1','ROL_USER','amceniry6w@sitemeter.com','6004',NULL),(750,'Antonino Lehrian','cad1e9b27022fe0c43eb91d24b8303b25863f2fe','53453995','1975-05-05','847-347-2742','https://robohash.org/quivoluptatemtempora.png?size=50x50&set=set1','ROL_USER','alehrian6x@free.fr','8242',NULL),(751,'Con Rennock','cad1e9b27022fe0c43eb91d24b8303b25863f2fe','52752458','1962-10-14','970-971-9486','https://robohash.org/quasieaperferendis.png?size=50x50&set=set1','ROL_USER','crennock6y@ed.gov','1587',NULL),(752,'Sile Stempe','cad1e9b27022fe0c43eb91d24b8303b25863f2fe','16623177','1986-09-11','636-913-2925','https://robohash.org/quiamolestiassuscipit.png?size=50x50&set=set1','ROL_USER','sstempe6z@theglobeandmail.com','8349',NULL),(753,'Cindra Aylmer','cad1e9b27022fe0c43eb91d24b8303b25863f2fe','27067418','1980-11-15','844-535-0656','https://robohash.org/accusantiumquosplaceat.png?size=50x50&set=set1','ROL_USER','caylmer70@usa.gov','5042',NULL),(754,'Rahel Kitter','cad1e9b27022fe0c43eb91d24b8303b25863f2fe','41576025','1975-01-28','880-141-2510','https://robohash.org/suntsintvoluptatum.png?size=50x50&set=set1','ROL_USER','rkitter71@wikispaces.com','1306',NULL),(755,'Cale Parlor','cad1e9b27022fe0c43eb91d24b8303b25863f2fe','54168755','1942-08-17','731-695-0976','https://robohash.org/esttemporibuset.png?size=50x50&set=set1','ROL_USER','cparlor72@usgs.gov','3115',NULL),(756,'Grady Bazell','cad1e9b27022fe0c43eb91d24b8303b25863f2fe','37075142','1938-01-02','490-861-4258','https://robohash.org/voluptatesvoluptascupiditate.png?size=50x50&set=set1','ROL_USER','gbazell73@addtoany.com','2333',NULL),(757,'Audra Brevetor','cad1e9b27022fe0c43eb91d24b8303b25863f2fe','53552945','1934-07-31','444-142-3400','https://robohash.org/sitquiaid.png?size=50x50&set=set1','ROL_USER','abrevetor74@usa.gov','3011',NULL),(758,'Becca Debow','cad1e9b27022fe0c43eb91d24b8303b25863f2fe','64499531','1990-08-08','673-234-4745','https://robohash.org/veritatisvoluptasaliquam.png?size=50x50&set=set1','ROL_USER','bdebow75@jigsy.com','3551',NULL),(759,'Belinda Adamides','cad1e9b27022fe0c43eb91d24b8303b25863f2fe','51748471','1990-08-12','404-836-8723','https://robohash.org/quamsintquasi.png?size=50x50&set=set1','ROL_USER','badamides76@rediff.com','3985',NULL),(760,'Charline Demelt','cad1e9b27022fe0c43eb91d24b8303b25863f2fe','28048397','1983-04-06','773-541-3180','https://robohash.org/voluptasquaequaerat.png?size=50x50&set=set1','ROL_USER','cdemelt77@ycombinator.com','7513',NULL),(761,'Mela Molohan','cad1e9b27022fe0c43eb91d24b8303b25863f2fe','46595757','1924-04-24','358-310-5290','https://robohash.org/necessitatibusharumat.png?size=50x50&set=set1','ROL_USER','mmolohan78@state.gov','8552',NULL),(762,'Tobe Wickenden','cad1e9b27022fe0c43eb91d24b8303b25863f2fe','40193138','1983-07-02','570-780-7690','https://robohash.org/quibusdameteos.png?size=50x50&set=set1','ROL_USER','twickenden79@google.ru','7381',NULL),(763,'Dunstan Bon','cad1e9b27022fe0c43eb91d24b8303b25863f2fe','37064584','1989-10-10','701-586-0254','https://robohash.org/fugiattemporibussit.png?size=50x50&set=set1','ROL_USER','dbon7a@google.ca','8993',NULL),(764,'Kayle McPheat','cad1e9b27022fe0c43eb91d24b8303b25863f2fe','64684259','2003-08-24','350-556-1906','https://robohash.org/suntutest.png?size=50x50&set=set1','ROL_USER','kmcpheat7b@purevolume.com','8167',NULL),(765,'Hannah Ockenden','cad1e9b27022fe0c43eb91d24b8303b25863f2fe','54120255','1945-06-12','331-466-7852','https://robohash.org/nihiliustodolores.png?size=50x50&set=set1','ROL_USER','hockenden7c@ed.gov','7277',NULL),(766,'Bary Baseggio','cad1e9b27022fe0c43eb91d24b8303b25863f2fe','20176992','1976-07-02','538-890-3246','https://robohash.org/autestex.png?size=50x50&set=set1','ROL_USER','bbaseggio7d@scientificamerican.com','3481',NULL),(767,'Kory Tibbs','cad1e9b27022fe0c43eb91d24b8303b25863f2fe','25149569','1999-04-26','443-168-0041','https://robohash.org/officiafugiteos.png?size=50x50&set=set1','ROL_USER','ktibbs7e@de.vu','3610',NULL),(768,'Darcie Casini','cad1e9b27022fe0c43eb91d24b8303b25863f2fe','21201919','1980-11-02','602-328-4187','https://robohash.org/undequodamet.png?size=50x50&set=set1','ROL_USER','dcasini7f@addthis.com','2157',NULL),(769,'Rheba MacGillreich','cad1e9b27022fe0c43eb91d24b8303b25863f2fe','47175052','1980-01-31','972-336-2085','https://robohash.org/liberoinventorenon.png?size=50x50&set=set1','ROL_USER','rmacgillreich7g@exblog.jp','2516',NULL),(770,'Karol Waddell','cad1e9b27022fe0c43eb91d24b8303b25863f2fe','51433449','1944-07-23','272-616-6605','https://robohash.org/inveniamcorrupti.png?size=50x50&set=set1','ROL_USER','kwaddell7h@google.ru','3999',NULL),(771,'Adan Woolger','cad1e9b27022fe0c43eb91d24b8303b25863f2fe','25758966','1925-02-19','390-317-6102','https://robohash.org/consequaturnesciuntreprehenderit.png?size=50x50&set=set1','ROL_USER','awoolger7i@pcworld.com','5016',NULL),(772,'Lyndsey Pinder','cad1e9b27022fe0c43eb91d24b8303b25863f2fe','29491415','1940-10-15','409-385-2339','https://robohash.org/consecteturiustosit.png?size=50x50&set=set1','ROL_USER','lpinder7j@ocn.ne.jp','2283',NULL),(773,'Scarlett Heinschke','cad1e9b27022fe0c43eb91d24b8303b25863f2fe','51599381','1938-04-29','232-934-8945','https://robohash.org/officiiseaqueeos.png?size=50x50&set=set1','ROL_USER','sheinschke7k@amazon.co.jp','4430',NULL),(774,'Stefania Donnersberg','cad1e9b27022fe0c43eb91d24b8303b25863f2fe','10161304','1985-04-09','350-239-5365','https://robohash.org/facilisvoluptatibusvoluptas.png?size=50x50&set=set1','ROL_USER','sdonnersberg7l@symantec.com','4950',NULL),(775,'Rivi Theseira','cad1e9b27022fe0c43eb91d24b8303b25863f2fe','32302365','1913-07-09','112-620-0267','https://robohash.org/rationenatuseos.png?size=50x50&set=set1','ROL_USER','rtheseira7m@chron.com','2321',NULL),(776,'Calypso Rosendahl','cad1e9b27022fe0c43eb91d24b8303b25863f2fe','10881477','1956-02-11','466-614-1787','https://robohash.org/liberocupiditatedistinctio.png?size=50x50&set=set1','ROL_USER','crosendahl7n@cocolog-nifty.com','3913',NULL),(777,'Brenda Scarce','cad1e9b27022fe0c43eb91d24b8303b25863f2fe','23225352','1969-08-21','166-958-3888','https://robohash.org/reruminvelit.png?size=50x50&set=set1','ROL_USER','bscarce7o@imgur.com','8305',NULL),(778,'Jacobo Amiss','cad1e9b27022fe0c43eb91d24b8303b25863f2fe','29523780','1997-07-08','948-254-8573','https://robohash.org/nonbeataeconsequatur.png?size=50x50&set=set1','ROL_USER','jamiss7p@sogou.com','5228',NULL),(779,'Druci Pirdue','cad1e9b27022fe0c43eb91d24b8303b25863f2fe','51338405','1953-05-10','423-531-3824','https://robohash.org/temporibusautadipisci.png?size=50x50&set=set1','ROL_USER','dpirdue7q@youku.com','6731',NULL),(780,'Lamont Peoples','cad1e9b27022fe0c43eb91d24b8303b25863f2fe','11090635','1924-11-30','741-137-9490','https://robohash.org/suntetsunt.png?size=50x50&set=set1','ROL_USER','lpeoples7r@patch.com','1603',NULL),(781,'Debbie Scudamore','cad1e9b27022fe0c43eb91d24b8303b25863f2fe','40742091','1957-03-14','413-925-3687','https://robohash.org/nihileain.png?size=50x50&set=set1','ROL_USER','dscudamore7s@t-online.de','4038',NULL),(782,'Palmer Arent','cad1e9b27022fe0c43eb91d24b8303b25863f2fe','45309951','1943-02-14','869-435-2520','https://robohash.org/distinctioexillo.png?size=50x50&set=set1','ROL_USER','parent7t@sitemeter.com','1393',NULL),(783,'Binnie Dorkin','cad1e9b27022fe0c43eb91d24b8303b25863f2fe','55951638','1938-03-15','225-386-0556','https://robohash.org/quietipsam.png?size=50x50&set=set1','ROL_USER','bdorkin7u@dropbox.com','7576',NULL),(784,'Deanna Roots','cad1e9b27022fe0c43eb91d24b8303b25863f2fe','46154325','1963-06-27','856-727-6342','https://robohash.org/noncorporisvoluptas.png?size=50x50&set=set1','ROL_USER','droots7v@joomla.org','2102',NULL),(785,'Min Cudiff','cad1e9b27022fe0c43eb91d24b8303b25863f2fe','20692974','1994-05-16','348-910-6851','https://robohash.org/autemdelectusharum.png?size=50x50&set=set1','ROL_USER','mcudiff7w@etsy.com','6333',NULL),(786,'Kaiser Dellit','cad1e9b27022fe0c43eb91d24b8303b25863f2fe','28336470','1922-04-24','736-303-7481','https://robohash.org/etpraesentiumnemo.png?size=50x50&set=set1','ROL_USER','kdellit7x@bandcamp.com','6445',NULL),(787,'Bevvy Ludwikiewicz','cad1e9b27022fe0c43eb91d24b8303b25863f2fe','47893673','1952-12-10','962-202-6591','https://robohash.org/rationeaperiamtenetur.png?size=50x50&set=set1','ROL_USER','bludwikiewicz7y@weebly.com','3830',NULL),(788,'Marcos Worsell','cad1e9b27022fe0c43eb91d24b8303b25863f2fe','10590630','1911-08-21','746-648-0983','https://robohash.org/natusvoluptatumexercitationem.png?size=50x50&set=set1','ROL_USER','mworsell7z@imgur.com','3011',NULL),(789,'Avrom Frowing','cad1e9b27022fe0c43eb91d24b8303b25863f2fe','64775724','1919-08-01','131-277-2787','https://robohash.org/autemlaboriosamnisi.png?size=50x50&set=set1','ROL_USER','afrowing80@ox.ac.uk','3250',NULL),(790,'Foster Covotti','cad1e9b27022fe0c43eb91d24b8303b25863f2fe','12688279','1961-07-15','211-627-1960','https://robohash.org/velquiaquo.png?size=50x50&set=set1','ROL_USER','fcovotti81@prweb.com','3630',NULL),(791,'Raquela Moody','cad1e9b27022fe0c43eb91d24b8303b25863f2fe','61701998','1915-03-26','391-775-6249','https://robohash.org/maioresaperiamet.png?size=50x50&set=set1','ROL_USER','rmoody82@ucla.edu','5504',NULL),(792,'Wini De Biasio','cad1e9b27022fe0c43eb91d24b8303b25863f2fe','51324501','1999-11-17','440-642-1204','https://robohash.org/perspiciatisetquos.png?size=50x50&set=set1','ROL_USER','wde83@tripadvisor.com','6193',NULL),(793,'Percy O\'Hogertie','cad1e9b27022fe0c43eb91d24b8303b25863f2fe','51409427','1966-03-19','423-457-4463','https://robohash.org/nihilofficiisdicta.png?size=50x50&set=set1','ROL_USER','pohogertie84@oakley.com','1033',NULL),(794,'Jared Arpino','cad1e9b27022fe0c43eb91d24b8303b25863f2fe','40923192','1982-10-19','864-747-0573','https://robohash.org/omnisiustoalias.png?size=50x50&set=set1','ROL_USER','jarpino85@spiegel.de','5213',NULL),(795,'Alisander Tilbury','cad1e9b27022fe0c43eb91d24b8303b25863f2fe','11118517','1963-02-26','978-181-4186','https://robohash.org/nemoutdoloremque.png?size=50x50&set=set1','ROL_USER','atilbury86@cbsnews.com','5457',NULL),(796,'Vittorio Forstall','cad1e9b27022fe0c43eb91d24b8303b25863f2fe','58513883','1946-11-19','925-779-9011','https://robohash.org/odiorationeest.png?size=50x50&set=set1','ROL_USER','vforstall87@bravesites.com','5236',NULL),(797,'Randa Bollin','cad1e9b27022fe0c43eb91d24b8303b25863f2fe','63518696','1995-06-20','402-397-0776','https://robohash.org/exercitationemeaquequi.png?size=50x50&set=set1','ROL_USER','rbollin88@berkeley.edu','4753',NULL),(798,'Silva Clute','cad1e9b27022fe0c43eb91d24b8303b25863f2fe','37262876','1969-12-21','126-109-5309','https://robohash.org/ducimusvoluptatemodit.png?size=50x50&set=set1','ROL_USER','sclute89@soundcloud.com','2528',NULL),(799,'Weider McElrath','cad1e9b27022fe0c43eb91d24b8303b25863f2fe','12426344','1990-06-06','926-956-5555','https://robohash.org/etetrecusandae.png?size=50x50&set=set1','ROL_USER','wmcelrath8a@google.fr','3146',NULL),(800,'Hubie Skaif','cad1e9b27022fe0c43eb91d24b8303b25863f2fe','61601137','1956-02-24','228-294-7011','https://robohash.org/doloremqueetvoluptas.png?size=50x50&set=set1','ROL_USER','hskaif8b@jalbum.net','2972',NULL),(801,'Levi Romeril','cad1e9b27022fe0c43eb91d24b8303b25863f2fe','58693778','1975-05-02','813-382-5662','https://robohash.org/estquoest.png?size=50x50&set=set1','ROL_USER','lromeril8c@acquirethisname.com','7210',NULL),(802,'Venita Harmour','cad1e9b27022fe0c43eb91d24b8303b25863f2fe','33984031','1965-03-31','472-550-3965','https://robohash.org/maximeiustofugiat.png?size=50x50&set=set1','ROL_USER','vharmour8d@gizmodo.com','3343',NULL),(803,'Ree Avard','cad1e9b27022fe0c43eb91d24b8303b25863f2fe','48333882','1973-01-28','178-907-3867','https://robohash.org/eiusnequeanimi.png?size=50x50&set=set1','ROL_USER','ravard8e@google.co.uk','2364',NULL),(804,'Xymenes Heining','cad1e9b27022fe0c43eb91d24b8303b25863f2fe','48671710','1963-12-22','360-188-2833','https://robohash.org/velutitaque.png?size=50x50&set=set1','ROL_USER','xheining8f@businesswire.com','4548',NULL),(805,'Clo Gerhold','cad1e9b27022fe0c43eb91d24b8303b25863f2fe','22578409','2002-04-08','857-103-3850','https://robohash.org/commodievenietnesciunt.png?size=50x50&set=set1','ROL_USER','cgerhold8g@bing.com','1546',NULL),(806,'Belvia Lilburn','cad1e9b27022fe0c43eb91d24b8303b25863f2fe','44986895','1914-03-12','474-941-7595','https://robohash.org/fugapossimusveritatis.png?size=50x50&set=set1','ROL_USER','blilburn8h@forbes.com','1302',NULL),(807,'Cissy Luis','cad1e9b27022fe0c43eb91d24b8303b25863f2fe','38110414','1933-11-28','955-158-8878','https://robohash.org/estsolutadolor.png?size=50x50&set=set1','ROL_USER','cluis8i@scribd.com','2166',NULL),(808,'Tom Poe','cad1e9b27022fe0c43eb91d24b8303b25863f2fe','35854415','1950-02-07','677-474-1429','https://robohash.org/voluptasexercitationemquo.png?size=50x50&set=set1','ROL_USER','tpoe8j@marriott.com','5348',NULL),(809,'Jaye Charteris','cad1e9b27022fe0c43eb91d24b8303b25863f2fe','33374017','1948-12-28','289-118-8771','https://robohash.org/recusandaesaepeab.png?size=50x50&set=set1','ROL_USER','jcharteris8k@microsoft.com','2471',NULL),(810,'Quintana Grout','cad1e9b27022fe0c43eb91d24b8303b25863f2fe','43272641','1966-11-02','229-434-6606','https://robohash.org/velfugiatdignissimos.png?size=50x50&set=set1','ROL_USER','qgrout8l@admin.ch','7836',NULL),(811,'Rubin Attersoll','cad1e9b27022fe0c43eb91d24b8303b25863f2fe','50798514','1997-08-09','771-593-1955','https://robohash.org/quisquamassumendasapiente.png?size=50x50&set=set1','ROL_USER','rattersoll8m@dedecms.com','5568',NULL),(812,'Erhard Duffie','cad1e9b27022fe0c43eb91d24b8303b25863f2fe','56239852','1954-10-11','745-591-7683','https://robohash.org/debitisexquaerat.png?size=50x50&set=set1','ROL_USER','eduffie8n@cargocollective.com','5478',NULL),(813,'Hillyer Licciardello','cad1e9b27022fe0c43eb91d24b8303b25863f2fe','47488723','1933-02-24','420-162-6108','https://robohash.org/distinctioerrorsimilique.png?size=50x50&set=set1','ROL_USER','hlicciardello8o@hostgator.com','6349',NULL),(814,'Rosabel Baudain','cad1e9b27022fe0c43eb91d24b8303b25863f2fe','48100044','1990-03-01','793-935-9501','https://robohash.org/distinctioquasut.png?size=50x50&set=set1','ROL_USER','rbaudain8p@ucoz.com','2848',NULL),(815,'Janessa Perrington','cad1e9b27022fe0c43eb91d24b8303b25863f2fe','39586080','1966-02-13','700-959-9916','https://robohash.org/solutanesciuntquisquam.png?size=50x50&set=set1','ROL_USER','jperrington8q@comcast.net','3164',NULL),(816,'Cash Titmarsh','cad1e9b27022fe0c43eb91d24b8303b25863f2fe','42070740','1924-12-15','755-298-8829','https://robohash.org/cumconsequaturnon.png?size=50x50&set=set1','ROL_USER','ctitmarsh8r@ucoz.com','3437',NULL),(817,'Teddi McGarrie','cad1e9b27022fe0c43eb91d24b8303b25863f2fe','24997132','1944-07-18','444-709-3587','https://robohash.org/evenietmaximenon.png?size=50x50&set=set1','ROL_USER','tmcgarrie8s@amazon.co.jp','6281',NULL),(818,'Virgil Titherington','cad1e9b27022fe0c43eb91d24b8303b25863f2fe','28790147','1969-03-11','838-761-1748','https://robohash.org/sintaniminesciunt.png?size=50x50&set=set1','ROL_USER','vtitherington8t@goodreads.com','4018',NULL),(819,'Consalve Hutable','cad1e9b27022fe0c43eb91d24b8303b25863f2fe','57161420','1956-12-24','144-900-4628','https://robohash.org/magniperspiciatissapiente.png?size=50x50&set=set1','ROL_USER','chutable8u@abc.net.au','6523',NULL),(820,'Diego Wevell','cad1e9b27022fe0c43eb91d24b8303b25863f2fe','27043943','1922-02-10','211-682-9069','https://robohash.org/etutenim.png?size=50x50&set=set1','ROL_USER','dwevell8v@hugedomains.com','7254',NULL),(821,'Nealson Ferrers','cad1e9b27022fe0c43eb91d24b8303b25863f2fe','52275909','1964-08-19','122-522-3493','https://robohash.org/dignissimosnihileaque.png?size=50x50&set=set1','ROL_USER','nferrers8w@auda.org.au','1607',NULL),(822,'Ulysses Felix','cad1e9b27022fe0c43eb91d24b8303b25863f2fe','26895529','1977-07-14','632-831-4301','https://robohash.org/ducimusiureet.png?size=50x50&set=set1','ROL_USER','ufelix8x@redcross.org','3500',NULL),(823,'Libbey Collerd','cad1e9b27022fe0c43eb91d24b8303b25863f2fe','63877800','1952-11-09','303-483-3039','https://robohash.org/voluptatemoccaecatiqui.png?size=50x50&set=set1','ROL_USER','lcollerd8y@tuttocitta.it','1306',NULL),(824,'Mariquilla Hails','cad1e9b27022fe0c43eb91d24b8303b25863f2fe','12067428','1959-07-29','557-646-8107','https://robohash.org/teneturestaliquam.png?size=50x50&set=set1','ROL_USER','mhails8z@altervista.org','1960',NULL),(825,'Dar Rucklesse','cad1e9b27022fe0c43eb91d24b8303b25863f2fe','48773904','1987-08-03','194-399-6411','https://robohash.org/reprehenderitculpablanditiis.png?size=50x50&set=set1','ROL_USER','drucklesse90@apple.com','8754',NULL),(826,'Saidee Bloxham','cad1e9b27022fe0c43eb91d24b8303b25863f2fe','46923104','1999-12-21','915-941-6048','https://robohash.org/ipsarationequo.png?size=50x50&set=set1','ROL_USER','sbloxham91@mashable.com','4851',NULL),(827,'Vivia Damrell','cad1e9b27022fe0c43eb91d24b8303b25863f2fe','62610811','1975-05-04','787-447-5198','https://robohash.org/idexplicabosimilique.png?size=50x50&set=set1','ROL_USER','vdamrell92@sina.com.cn','3681',NULL),(828,'Giusto Boame','cad1e9b27022fe0c43eb91d24b8303b25863f2fe','61938824','1990-10-25','611-108-2326','https://robohash.org/quositdolore.png?size=50x50&set=set1','ROL_USER','gboame93@globo.com','7367',NULL),(829,'Basilio Curnnok','cad1e9b27022fe0c43eb91d24b8303b25863f2fe','26207264','1935-05-29','543-999-2280','https://robohash.org/atestquo.png?size=50x50&set=set1','ROL_USER','bcurnnok94@guardian.co.uk','5772',NULL),(830,'Gradey Giovanardi','cad1e9b27022fe0c43eb91d24b8303b25863f2fe','48810915','1912-07-19','464-501-3482','https://robohash.org/quivelvel.png?size=50x50&set=set1','ROL_USER','ggiovanardi95@eepurl.com','6204',NULL),(831,'Analise Maulden','cad1e9b27022fe0c43eb91d24b8303b25863f2fe','24011064','1968-08-14','675-423-7727','https://robohash.org/vitaevelaliquam.png?size=50x50&set=set1','ROL_USER','amaulden96@lycos.com','2654',NULL),(832,'Clareta Gaul','cad1e9b27022fe0c43eb91d24b8303b25863f2fe','42338084','1990-08-26','333-552-1291','https://robohash.org/reprehenderitmaioresalias.png?size=50x50&set=set1','ROL_USER','cgaul97@vk.com','4485',NULL),(833,'Dorelle Barrar','cad1e9b27022fe0c43eb91d24b8303b25863f2fe','35687238','1994-07-02','991-880-7811','https://robohash.org/aspernaturoptiorerum.png?size=50x50&set=set1','ROL_USER','dbarrar98@theglobeandmail.com','1601',NULL),(834,'Kennett MacGowan','cad1e9b27022fe0c43eb91d24b8303b25863f2fe','12437212','1928-10-12','921-771-8408','https://robohash.org/autcumqueenim.png?size=50x50&set=set1','ROL_USER','kmacgowan99@w3.org','4787',NULL),(835,'Corty McCluin','cad1e9b27022fe0c43eb91d24b8303b25863f2fe','49435035','1961-07-21','368-810-9811','https://robohash.org/voluptatetemporavoluptates.png?size=50x50&set=set1','ROL_USER','cmccluin9a@networkadvertising.org','5779',NULL),(836,'Phoebe Tredgold','cad1e9b27022fe0c43eb91d24b8303b25863f2fe','63989370','1941-02-06','229-359-6777','https://robohash.org/fugiateumdistinctio.png?size=50x50&set=set1','ROL_USER','ptredgold9b@google.nl','2490',NULL),(837,'Chandal Bruckner','cad1e9b27022fe0c43eb91d24b8303b25863f2fe','35819826','1912-10-12','572-734-7548','https://robohash.org/culpaquasilibero.png?size=50x50&set=set1','ROL_USER','cbruckner9c@t.co','6023',NULL),(838,'Ximenes Luthwood','cad1e9b27022fe0c43eb91d24b8303b25863f2fe','13866583','1919-04-12','396-968-2929','https://robohash.org/laboreutdolor.png?size=50x50&set=set1','ROL_USER','xluthwood9d@berkeley.edu','8794',NULL),(839,'Zacharie Hiers','cad1e9b27022fe0c43eb91d24b8303b25863f2fe','46884711','1953-10-30','536-835-3861','https://robohash.org/autdelectusdoloremque.png?size=50x50&set=set1','ROL_USER','zhiers9e@java.com','5523',NULL),(840,'Koo La Grange','cad1e9b27022fe0c43eb91d24b8303b25863f2fe','60070873','1975-09-09','279-269-7816','https://robohash.org/quiametlabore.png?size=50x50&set=set1','ROL_USER','kla9f@g.co','7253',NULL),(841,'Viviyan Juschke','cad1e9b27022fe0c43eb91d24b8303b25863f2fe','17983725','1979-02-14','610-113-4164','https://robohash.org/doloremabdolor.png?size=50x50&set=set1','ROL_USER','vjuschke9g@walmart.com','8421',NULL),(842,'Leone Hugenin','cad1e9b27022fe0c43eb91d24b8303b25863f2fe','11106854','2000-12-12','573-258-0709','https://robohash.org/culpaquosporro.png?size=50x50&set=set1','ROL_USER','lhugenin9h@xing.com','4110',NULL),(843,'Lombard Barenski','cad1e9b27022fe0c43eb91d24b8303b25863f2fe','37266935','1946-02-20','837-377-8612','https://robohash.org/consequatursuntdolorem.png?size=50x50&set=set1','ROL_USER','lbarenski9i@tinypic.com','5523',NULL),(844,'Annalise Conrard','cad1e9b27022fe0c43eb91d24b8303b25863f2fe','32069524','1942-06-01','960-816-0759','https://robohash.org/eosetdistinctio.png?size=50x50&set=set1','ROL_USER','aconrard9j@pen.io','4071',NULL),(845,'Thomasine Piletic','cad1e9b27022fe0c43eb91d24b8303b25863f2fe','34448541','1924-03-23','222-430-1200','https://robohash.org/eummollitiacupiditate.png?size=50x50&set=set1','ROL_USER','tpiletic9k@wunderground.com','1559',NULL),(846,'Karee Byford','cad1e9b27022fe0c43eb91d24b8303b25863f2fe','31046999','1984-11-05','352-474-8128','https://robohash.org/ipsamsedadipisci.png?size=50x50&set=set1','ROL_USER','kbyford9l@yandex.ru','7576',NULL),(847,'Renaldo Mityushkin','cad1e9b27022fe0c43eb91d24b8303b25863f2fe','36757936','1978-02-02','837-452-1325','https://robohash.org/quibusdamautconsectetur.png?size=50x50&set=set1','ROL_USER','rmityushkin9m@mediafire.com','6767',NULL),(848,'Carolan Romanetti','cad1e9b27022fe0c43eb91d24b8303b25863f2fe','48391648','1965-12-14','222-538-1559','https://robohash.org/etvoluptateseum.png?size=50x50&set=set1','ROL_USER','cromanetti9n@deviantart.com','5774',NULL),(849,'Boris Ivell','cad1e9b27022fe0c43eb91d24b8303b25863f2fe','46039404','1913-10-13','854-656-3081','https://robohash.org/maximemollitiaerror.png?size=50x50&set=set1','ROL_USER','bivell9o@cmu.edu','8694',NULL),(850,'Floria Pinel','cad1e9b27022fe0c43eb91d24b8303b25863f2fe','50215160','1939-09-14','628-800-2207','https://robohash.org/rerumautfuga.png?size=50x50&set=set1','ROL_USER','fpinel9p@surveymonkey.com','6895',NULL),(851,'Nat Pengilley','cad1e9b27022fe0c43eb91d24b8303b25863f2fe','19019372','1917-02-05','358-416-1222','https://robohash.org/voluptatemsuntquos.png?size=50x50&set=set1','ROL_USER','npengilley9q@seattletimes.com','3664',NULL),(852,'Berna Farnorth','cad1e9b27022fe0c43eb91d24b8303b25863f2fe','43061857','1940-04-30','520-826-3996','https://robohash.org/ipsaiureanimi.png?size=50x50&set=set1','ROL_USER','bfarnorth9r@stanford.edu','7563',NULL),(853,'Joye Meys','cad1e9b27022fe0c43eb91d24b8303b25863f2fe','54551191','1989-12-10','614-463-5131','https://robohash.org/hicautfugiat.png?size=50x50&set=set1','ROL_USER','jmeys9s@angelfire.com','7789',NULL),(854,'Belicia Dykins','cad1e9b27022fe0c43eb91d24b8303b25863f2fe','25686434','1924-08-17','252-481-0864','https://robohash.org/dolorautet.png?size=50x50&set=set1','ROL_USER','bdykins9t@businessinsider.com','1014',NULL),(855,'Ekaterina Milbank','cad1e9b27022fe0c43eb91d24b8303b25863f2fe','31253189','1974-10-28','338-783-9633','https://robohash.org/harumexnatus.png?size=50x50&set=set1','ROL_USER','emilbank9u@go.com','7303',NULL),(856,'Keene Cradey','cad1e9b27022fe0c43eb91d24b8303b25863f2fe','22668618','1945-06-21','302-559-2956','https://robohash.org/nostrumetblanditiis.png?size=50x50&set=set1','ROL_USER','kcradey9v@gizmodo.com','1920',NULL),(857,'Wade Oldershaw','cad1e9b27022fe0c43eb91d24b8303b25863f2fe','20737999','1934-05-22','325-428-3886','https://robohash.org/fugitrecusandaeaut.png?size=50x50&set=set1','ROL_USER','woldershaw9w@ebay.com','4235',NULL),(858,'Karen Auty','cad1e9b27022fe0c43eb91d24b8303b25863f2fe','17863422','1978-02-12','941-829-2602','https://robohash.org/nonplaceatquasi.png?size=50x50&set=set1','ROL_USER','kauty9x@timesonline.co.uk','6631',NULL),(859,'Winston Mealing','cad1e9b27022fe0c43eb91d24b8303b25863f2fe','40876606','1941-02-19','901-184-1886','https://robohash.org/eiusnatusqui.png?size=50x50&set=set1','ROL_USER','wmealing9y@army.mil','2783',NULL),(860,'Filmer Conisbee','cad1e9b27022fe0c43eb91d24b8303b25863f2fe','17336773','1921-12-01','698-726-8778','https://robohash.org/odiomolestiasdolor.png?size=50x50&set=set1','ROL_USER','fconisbee9z@bbb.org','7614',NULL),(861,'Evangeline Ramsell','cad1e9b27022fe0c43eb91d24b8303b25863f2fe','26673546','1963-04-07','733-575-4016','https://robohash.org/natusatnisi.png?size=50x50&set=set1','ROL_USER','eramsella0@wix.com','8056',NULL),(862,'Leta Ferrierio','cad1e9b27022fe0c43eb91d24b8303b25863f2fe','40023310','1932-08-28','874-393-9622','https://robohash.org/estvoluptaset.png?size=50x50&set=set1','ROL_USER','lferrierioa1@indiatimes.com','6575',NULL),(863,'Josiah Hundley','cad1e9b27022fe0c43eb91d24b8303b25863f2fe','19228464','1983-10-30','948-131-2145','https://robohash.org/sitteneturin.png?size=50x50&set=set1','ROL_USER','jhundleya2@weibo.com','4728',NULL),(864,'Ignaz Clow','cad1e9b27022fe0c43eb91d24b8303b25863f2fe','36386015','1994-10-09','774-538-5529','https://robohash.org/etperferendismolestiae.png?size=50x50&set=set1','ROL_USER','iclowa3@cargocollective.com','8437',NULL),(865,'Madlin Heaviside','cad1e9b27022fe0c43eb91d24b8303b25863f2fe','48352029','1975-02-21','848-983-2166','https://robohash.org/itaquequisdolor.png?size=50x50&set=set1','ROL_USER','mheavisidea4@t.co','5135',NULL),(866,'Erasmus Pietroni','cad1e9b27022fe0c43eb91d24b8303b25863f2fe','54142200','1948-11-08','997-306-5659','https://robohash.org/mollitiaquisharum.png?size=50x50&set=set1','ROL_USER','epietronia5@aboutads.info','1849',NULL),(867,'Maudie Tolle','cad1e9b27022fe0c43eb91d24b8303b25863f2fe','25272972','1926-02-18','196-725-0485','https://robohash.org/voluptasrerumnulla.png?size=50x50&set=set1','ROL_USER','mtollea6@sbwire.com','1875',NULL),(868,'Dale Scampion','cad1e9b27022fe0c43eb91d24b8303b25863f2fe','44098308','1928-06-22','108-726-9565','https://robohash.org/autrepudiandaepraesentium.png?size=50x50&set=set1','ROL_USER','dscampiona7@mysql.com','5181',NULL),(869,'Darcie Baert','cad1e9b27022fe0c43eb91d24b8303b25863f2fe','17271634','1932-01-30','739-164-8167','https://robohash.org/autatmolestiae.png?size=50x50&set=set1','ROL_USER','dbaerta8@flickr.com','6347',NULL),(870,'Burnaby Trytsman','cad1e9b27022fe0c43eb91d24b8303b25863f2fe','56003828','1997-12-15','238-536-6604','https://robohash.org/autipsumcum.png?size=50x50&set=set1','ROL_USER','btrytsmana9@prnewswire.com','4962',NULL),(871,'Wilma Minards','cad1e9b27022fe0c43eb91d24b8303b25863f2fe','53961536','1956-09-19','267-332-1577','https://robohash.org/explicabopariaturcorporis.png?size=50x50&set=set1','ROL_USER','wminardsaa@yandex.ru','2433',NULL),(872,'Willetta Lambell','cad1e9b27022fe0c43eb91d24b8303b25863f2fe','38255261','1919-06-14','232-434-3225','https://robohash.org/nonquoad.png?size=50x50&set=set1','ROL_USER','wlambellab@meetup.com','3733',NULL),(873,'Guinevere Breede','cad1e9b27022fe0c43eb91d24b8303b25863f2fe','16486734','1956-01-12','957-485-9216','https://robohash.org/voluptatumomnissit.png?size=50x50&set=set1','ROL_USER','gbreedeac@parallels.com','3527',NULL),(874,'Cheri Isson','cad1e9b27022fe0c43eb91d24b8303b25863f2fe','43015660','1943-11-08','101-757-2752','https://robohash.org/faceremodiqui.png?size=50x50&set=set1','ROL_USER','cissonad@desdev.cn','2832',NULL),(875,'Nessy Whyman','cad1e9b27022fe0c43eb91d24b8303b25863f2fe','16639113','1929-07-21','334-584-9172','https://robohash.org/ipsametrecusandae.png?size=50x50&set=set1','ROL_USER','nwhymanae@google.ru','6048',NULL),(876,'Obadiah Tee','cad1e9b27022fe0c43eb91d24b8303b25863f2fe','40339771','1946-11-10','534-887-9274','https://robohash.org/autminusipsam.png?size=50x50&set=set1','ROL_USER','oteeaf@amazon.co.uk','7709',NULL),(877,'Katya Fogg','cad1e9b27022fe0c43eb91d24b8303b25863f2fe','42485415','1910-11-11','963-960-3819','https://robohash.org/quisautdolores.png?size=50x50&set=set1','ROL_USER','kfoggag@miibeian.gov.cn','5034',NULL),(878,'Vilhelmina Worsnup','cad1e9b27022fe0c43eb91d24b8303b25863f2fe','25536545','1983-05-10','204-242-1586','https://robohash.org/accusantiumdebitisnihil.png?size=50x50&set=set1','ROL_USER','vworsnupah@addtoany.com','4740',NULL),(879,'Ashlen Proffitt','cad1e9b27022fe0c43eb91d24b8303b25863f2fe','46835794','1947-04-23','269-429-5356','https://robohash.org/consequaturundedolores.png?size=50x50&set=set1','ROL_USER','aproffittai@netscape.com','1733',NULL),(880,'Hilary Peaple','cad1e9b27022fe0c43eb91d24b8303b25863f2fe','23396464','1973-02-15','231-587-8684','https://robohash.org/sedeaunde.png?size=50x50&set=set1','ROL_USER','hpeapleaj@storify.com','1955',NULL),(881,'Sheffy Soule','cad1e9b27022fe0c43eb91d24b8303b25863f2fe','34367794','1911-04-26','267-355-8988','https://robohash.org/namvoluptatemqui.png?size=50x50&set=set1','ROL_USER','ssouleak@xing.com','6216',NULL),(882,'Bess Somerscales','cad1e9b27022fe0c43eb91d24b8303b25863f2fe','50519661','1961-02-19','131-826-2199','https://robohash.org/quaeratperspiciatisautem.png?size=50x50&set=set1','ROL_USER','bsomerscalesal@blogs.com','7708',NULL),(883,'Lexie Greetland','cad1e9b27022fe0c43eb91d24b8303b25863f2fe','17749990','1990-07-20','204-469-7736','https://robohash.org/solutanihilharum.png?size=50x50&set=set1','ROL_USER','lgreetlandam@qq.com','1097',NULL),(884,'Cyndia Bessey','cad1e9b27022fe0c43eb91d24b8303b25863f2fe','42102334','1911-07-13','217-332-5677','https://robohash.org/reiciendisipsumest.png?size=50x50&set=set1','ROL_USER','cbesseyan@google.co.uk','1450',NULL),(885,'Cherye Poluzzi','cad1e9b27022fe0c43eb91d24b8303b25863f2fe','42081191','1931-11-27','422-822-0201','https://robohash.org/suntquismaxime.png?size=50x50&set=set1','ROL_USER','cpoluzziao@toplist.cz','6155',NULL),(886,'Bax Leivesley','cad1e9b27022fe0c43eb91d24b8303b25863f2fe','47885215','1985-10-05','310-931-2108','https://robohash.org/suntlaboriosamminus.png?size=50x50&set=set1','ROL_USER','bleivesleyap@angelfire.com','5947',NULL),(887,'Renie Lintall','cad1e9b27022fe0c43eb91d24b8303b25863f2fe','22106733','1918-02-10','885-634-7688','https://robohash.org/nonquiperferendis.png?size=50x50&set=set1','ROL_USER','rlintallaq@loc.gov','1425',NULL),(888,'Miller Phlippi','cad1e9b27022fe0c43eb91d24b8303b25863f2fe','63682841','1943-03-27','217-114-0279','https://robohash.org/dolorquasiomnis.png?size=50x50&set=set1','ROL_USER','mphlippiar@angelfire.com','2955',NULL),(889,'Fonz Horley','cad1e9b27022fe0c43eb91d24b8303b25863f2fe','16915558','1912-05-21','492-787-4688','https://robohash.org/maioresina.png?size=50x50&set=set1','ROL_USER','fhorleyas@boston.com','7434',NULL),(890,'Nerta Tynewell','cad1e9b27022fe0c43eb91d24b8303b25863f2fe','21627135','1916-05-16','617-676-2671','https://robohash.org/enimquonihil.png?size=50x50&set=set1','ROL_USER','ntynewellat@cyberchimps.com','3630',NULL),(891,'Junia Clohisey','cad1e9b27022fe0c43eb91d24b8303b25863f2fe','30715248','1938-03-18','926-213-9636','https://robohash.org/ducimusiustoaut.png?size=50x50&set=set1','ROL_USER','jclohiseyau@merriam-webster.com','8734',NULL),(892,'Claudell Keneleyside','cad1e9b27022fe0c43eb91d24b8303b25863f2fe','26833042','1971-12-18','223-103-2951','https://robohash.org/etexplicabofugiat.png?size=50x50&set=set1','ROL_USER','ckeneleysideav@adobe.com','4663',NULL),(893,'Angelle Primmer','cad1e9b27022fe0c43eb91d24b8303b25863f2fe','52491562','1968-02-26','732-805-2740','https://robohash.org/sintdolorequi.png?size=50x50&set=set1','ROL_USER','aprimmeraw@techcrunch.com','4217',NULL),(894,'Dru Musso','cad1e9b27022fe0c43eb91d24b8303b25863f2fe','25101280','1924-02-09','336-118-8377','https://robohash.org/exercitationemmolestiaesuscipit.png?size=50x50&set=set1','ROL_USER','dmussoax@joomla.org','1951',NULL),(895,'Datha Dast','cad1e9b27022fe0c43eb91d24b8303b25863f2fe','60281835','2000-10-02','725-132-2810','https://robohash.org/perspiciatisutdolores.png?size=50x50&set=set1','ROL_USER','ddastay@psu.edu','1400',NULL),(896,'Brnaba Smallcomb','cad1e9b27022fe0c43eb91d24b8303b25863f2fe','22806990','1967-09-14','742-815-9178','https://robohash.org/quovoluptateiste.png?size=50x50&set=set1','ROL_USER','bsmallcombaz@taobao.com','1836',NULL),(897,'Frans Downgate','cad1e9b27022fe0c43eb91d24b8303b25863f2fe','12043477','1946-07-01','606-215-8716','https://robohash.org/aquiaut.png?size=50x50&set=set1','ROL_USER','fdowngateb0@topsy.com','7476',NULL),(898,'Bellina Floyde','cad1e9b27022fe0c43eb91d24b8303b25863f2fe','34035574','1980-12-10','269-704-3999','https://robohash.org/isteestut.png?size=50x50&set=set1','ROL_USER','bfloydeb1@cam.ac.uk','4449',NULL),(899,'Lita Stut','cad1e9b27022fe0c43eb91d24b8303b25863f2fe','57011242','1955-09-18','529-652-8952','https://robohash.org/quaeessenisi.png?size=50x50&set=set1','ROL_USER','lstutb2@123-reg.co.uk','5777',NULL),(900,'Adda O\'Connell','cad1e9b27022fe0c43eb91d24b8303b25863f2fe','48503833','1920-12-01','482-112-7509','https://robohash.org/animirepellendusqui.png?size=50x50&set=set1','ROL_USER','aoconnellb3@icq.com','8333',NULL),(901,'Nathanael Kinkead','cad1e9b27022fe0c43eb91d24b8303b25863f2fe','40274501','1938-02-06','900-657-2712','https://robohash.org/temporeexpeditaadipisci.png?size=50x50&set=set1','ROL_USER','nkinkeadb4@buzzfeed.com','2792',NULL),(902,'Anett Autry','cad1e9b27022fe0c43eb91d24b8303b25863f2fe','30788098','1996-06-22','269-452-4249','https://robohash.org/culpamolestiaeautem.png?size=50x50&set=set1','ROL_USER','aautryb5@qq.com','7690',NULL),(903,'Angelle Gouldstraw','cad1e9b27022fe0c43eb91d24b8303b25863f2fe','11772706','1960-02-03','834-465-5874','https://robohash.org/ametfugacommodi.png?size=50x50&set=set1','ROL_USER','agouldstrawb6@mayoclinic.com','6187',NULL),(904,'Nadya Meade','cad1e9b27022fe0c43eb91d24b8303b25863f2fe','62317774','1975-03-27','904-786-7284','https://robohash.org/facilisquomolestias.png?size=50x50&set=set1','ROL_USER','nmeadeb7@google.com.br','3829',NULL),(905,'Dexter Headan','cad1e9b27022fe0c43eb91d24b8303b25863f2fe','21458528','1944-05-28','818-661-6404','https://robohash.org/sequiveritatisnon.png?size=50x50&set=set1','ROL_USER','dheadanb8@behance.net','7663',NULL),(906,'Dinah Gunthorpe','cad1e9b27022fe0c43eb91d24b8303b25863f2fe','23856139','1950-07-13','652-842-9650','https://robohash.org/providentatquesequi.png?size=50x50&set=set1','ROL_USER','dgunthorpeb9@hhs.gov','1870',NULL),(907,'Griffith Florence','cad1e9b27022fe0c43eb91d24b8303b25863f2fe','43062402','1927-10-18','365-607-1307','https://robohash.org/estaspernaturnihil.png?size=50x50&set=set1','ROL_USER','gflorenceba@businesswire.com','1169',NULL),(908,'Murdoch Weighell','cad1e9b27022fe0c43eb91d24b8303b25863f2fe','23353935','1978-05-10','134-704-6823','https://robohash.org/totamevenietofficiis.png?size=50x50&set=set1','ROL_USER','mweighellbb@google.cn','2100',NULL),(909,'Devan Tooley','cad1e9b27022fe0c43eb91d24b8303b25863f2fe','14281200','1921-09-23','278-380-9897','https://robohash.org/beataequiaiste.png?size=50x50&set=set1','ROL_USER','dtooleybc@g.co','7248',NULL),(910,'Alfonse Jerdan','cad1e9b27022fe0c43eb91d24b8303b25863f2fe','42683445','1970-03-28','986-435-1282','https://robohash.org/autemenimunde.png?size=50x50&set=set1','ROL_USER','ajerdanbd@princeton.edu','1514',NULL),(911,'Krishna Fielders','cad1e9b27022fe0c43eb91d24b8303b25863f2fe','54066028','1976-07-05','379-967-2894','https://robohash.org/numquaminciduntitaque.png?size=50x50&set=set1','ROL_USER','kfieldersbe@unblog.fr','2966',NULL),(912,'Damara Empringham','cad1e9b27022fe0c43eb91d24b8303b25863f2fe','28259663','1973-03-18','431-237-0180','https://robohash.org/cumundedolorem.png?size=50x50&set=set1','ROL_USER','dempringhambf@cisco.com','7677',NULL),(913,'Ester Wycliff','cad1e9b27022fe0c43eb91d24b8303b25863f2fe','34374216','1918-12-25','922-501-8411','https://robohash.org/eavoluptasconsequatur.png?size=50x50&set=set1','ROL_USER','ewycliffbg@huffingtonpost.com','6713',NULL),(914,'Gabbie Driscoll','cad1e9b27022fe0c43eb91d24b8303b25863f2fe','12872381','1924-08-27','723-265-9605','https://robohash.org/etexcepturiaut.png?size=50x50&set=set1','ROL_USER','gdriscollbh@wufoo.com','2219',NULL),(915,'Chrysler Rosander','cad1e9b27022fe0c43eb91d24b8303b25863f2fe','33802751','1937-01-22','456-928-5826','https://robohash.org/beataevoluptatemsequi.png?size=50x50&set=set1','ROL_USER','crosanderbi@com.com','5497',NULL),(916,'Leigha Stoate','cad1e9b27022fe0c43eb91d24b8303b25863f2fe','54837583','1997-05-20','573-353-5398','https://robohash.org/eadoloreatque.png?size=50x50&set=set1','ROL_USER','lstoatebj@cnet.com','6123',NULL),(917,'Ray Kingsnode','cad1e9b27022fe0c43eb91d24b8303b25863f2fe','37761730','1948-09-21','345-732-3647','https://robohash.org/magnamaperiamsed.png?size=50x50&set=set1','ROL_USER','rkingsnodebk@yellowpages.com','7105',NULL),(918,'Edithe Smithend','cad1e9b27022fe0c43eb91d24b8303b25863f2fe','61059687','1956-05-20','286-267-5191','https://robohash.org/explicabovoluptatemoptio.png?size=50x50&set=set1','ROL_USER','esmithendbl@army.mil','3399',NULL),(919,'Dena Enticknap','cad1e9b27022fe0c43eb91d24b8303b25863f2fe','34413636','1998-02-03','199-499-1423','https://robohash.org/sintassumendaporro.png?size=50x50&set=set1','ROL_USER','denticknapbm@multiply.com','7460',NULL),(920,'Joleen Yole','cad1e9b27022fe0c43eb91d24b8303b25863f2fe','30692302','1964-07-26','433-396-7358','https://robohash.org/exercitationemquidelectus.png?size=50x50&set=set1','ROL_USER','jyolebn@wordpress.com','1401',NULL),(921,'Donnajean Petracci','cad1e9b27022fe0c43eb91d24b8303b25863f2fe','64634621','1940-05-22','405-203-9554','https://robohash.org/estomnisvel.png?size=50x50&set=set1','ROL_USER','dpetraccibo@reuters.com','6775',NULL),(922,'Ivie Leahy','cad1e9b27022fe0c43eb91d24b8303b25863f2fe','36077507','1954-12-24','947-449-3965','https://robohash.org/odiopraesentiumperferendis.png?size=50x50&set=set1','ROL_USER','ileahybp@com.com','2732',NULL),(923,'Meredeth Lakin','cad1e9b27022fe0c43eb91d24b8303b25863f2fe','16652767','1994-12-01','689-710-9675','https://robohash.org/sedutautem.png?size=50x50&set=set1','ROL_USER','mlakinbq@woothemes.com','1752',NULL),(924,'Andre Devonport','cad1e9b27022fe0c43eb91d24b8303b25863f2fe','59085959','1922-06-12','529-862-2378','https://robohash.org/rerumutmolestiae.png?size=50x50&set=set1','ROL_USER','adevonportbr@fastcompany.com','3391',NULL),(925,'Violante Brack','cad1e9b27022fe0c43eb91d24b8303b25863f2fe','64586728','1967-05-18','451-884-6562','https://robohash.org/exvoluptasaut.png?size=50x50&set=set1','ROL_USER','vbrackbs@ebay.com','4868',NULL),(926,'Christin Likely','cad1e9b27022fe0c43eb91d24b8303b25863f2fe','27987387','1929-11-15','882-257-3334','https://robohash.org/voluptasmolestiaearchitecto.png?size=50x50&set=set1','ROL_USER','clikelybt@indiegogo.com','1238',NULL),(927,'Ebeneser Giordano','cad1e9b27022fe0c43eb91d24b8303b25863f2fe','63358377','1932-05-28','757-812-5552','https://robohash.org/repellendusvoluptatemquia.png?size=50x50&set=set1','ROL_USER','egiordanobu@oakley.com','7160',NULL),(928,'Karim Wetherill','cad1e9b27022fe0c43eb91d24b8303b25863f2fe','56456098','1975-09-26','428-202-9721','https://robohash.org/quiaidnostrum.png?size=50x50&set=set1','ROL_USER','kwetherillbv@nature.com','8234',NULL),(929,'Pennie Wolstenholme','cad1e9b27022fe0c43eb91d24b8303b25863f2fe','12424264','1986-11-27','419-929-3991','https://robohash.org/faceredignissimosreprehenderit.png?size=50x50&set=set1','ROL_USER','pwolstenholmebw@usgs.gov','6843',NULL),(930,'Ara Taffe','cad1e9b27022fe0c43eb91d24b8303b25863f2fe','58519083','1950-01-10','547-590-3979','https://robohash.org/voluptaseavoluptas.png?size=50x50&set=set1','ROL_USER','ataffebx@issuu.com','2126',NULL),(931,'Eden Hurd','cad1e9b27022fe0c43eb91d24b8303b25863f2fe','48393264','1917-06-07','384-982-6037','https://robohash.org/voluptatesdelectusaccusantium.png?size=50x50&set=set1','ROL_USER','ehurdby@techcrunch.com','6751',NULL),(932,'Dorisa Barwick','cad1e9b27022fe0c43eb91d24b8303b25863f2fe','10597641','1932-06-15','650-625-9884','https://robohash.org/pariaturdolorquo.png?size=50x50&set=set1','ROL_USER','dbarwickbz@qq.com','1305',NULL),(933,'Durante Paffley','cad1e9b27022fe0c43eb91d24b8303b25863f2fe','61993845','1953-06-13','611-763-6542','https://robohash.org/praesentiumnumquamveritatis.png?size=50x50&set=set1','ROL_USER','dpaffleyc0@ning.com','8946',NULL),(934,'Whitney Windram','cad1e9b27022fe0c43eb91d24b8303b25863f2fe','23872740','1975-12-21','733-282-0936','https://robohash.org/doloresmaximevoluptas.png?size=50x50&set=set1','ROL_USER','wwindramc1@com.com','1656',NULL),(935,'Burty Boyett','cad1e9b27022fe0c43eb91d24b8303b25863f2fe','62328691','1959-11-28','898-278-2507','https://robohash.org/etquiab.png?size=50x50&set=set1','ROL_USER','bboyettc2@dell.com','8763',NULL),(936,'Bobby Pagitt','cad1e9b27022fe0c43eb91d24b8303b25863f2fe','42299959','1950-11-17','910-386-3765','https://robohash.org/doloremquemolestiaelaudantium.png?size=50x50&set=set1','ROL_USER','bpagittc3@dailymail.co.uk','6280',NULL),(937,'Andrey Burner','cad1e9b27022fe0c43eb91d24b8303b25863f2fe','24991642','1972-06-02','100-750-1602','https://robohash.org/corruptiexpeditaut.png?size=50x50&set=set1','ROL_USER','aburnerc4@canalblog.com','3647',NULL),(938,'Maddy Tarbatt','cad1e9b27022fe0c43eb91d24b8303b25863f2fe','30125758','1941-12-30','601-494-6422','https://robohash.org/molestiasquoearum.png?size=50x50&set=set1','ROL_USER','mtarbattc5@mozilla.org','5296',NULL),(939,'Deeanne Palfreeman','cad1e9b27022fe0c43eb91d24b8303b25863f2fe','14896468','1938-09-23','116-473-6912','https://robohash.org/utnonsed.png?size=50x50&set=set1','ROL_USER','dpalfreemanc6@census.gov','3135',NULL),(940,'Tiena Bullers','cad1e9b27022fe0c43eb91d24b8303b25863f2fe','58719364','1964-06-07','901-607-1592','https://robohash.org/quaeratdignissimosesse.png?size=50x50&set=set1','ROL_USER','tbullersc7@loc.gov','5234',NULL),(941,'Roselin Vivians','cad1e9b27022fe0c43eb91d24b8303b25863f2fe','56572957','1975-01-10','206-622-7203','https://robohash.org/quaequiaeligendi.png?size=50x50&set=set1','ROL_USER','rviviansc8@sohu.com','6005',NULL),(942,'Ivy Oldale','cad1e9b27022fe0c43eb91d24b8303b25863f2fe','17281262','1984-08-31','428-934-7949','https://robohash.org/etducimuscum.png?size=50x50&set=set1','ROL_USER','ioldalec9@istockphoto.com','2424',NULL),(943,'Anica Salomon','cad1e9b27022fe0c43eb91d24b8303b25863f2fe','57397197','1943-01-21','437-234-4315','https://robohash.org/nesciuntquaeratab.png?size=50x50&set=set1','ROL_USER','asalomonca@whitehouse.gov','3484',NULL),(944,'Belicia Adamo','cad1e9b27022fe0c43eb91d24b8303b25863f2fe','23613399','1960-05-01','580-674-9953','https://robohash.org/remrationequis.png?size=50x50&set=set1','ROL_USER','badamocb@biglobe.ne.jp','6499',NULL),(945,'Alayne Sprakes','cad1e9b27022fe0c43eb91d24b8303b25863f2fe','43923487','1932-08-27','191-951-6706','https://robohash.org/estbeataedelectus.png?size=50x50&set=set1','ROL_USER','asprakescc@twitter.com','7172',NULL),(946,'Ezra Durward','cad1e9b27022fe0c43eb91d24b8303b25863f2fe','24818003','1963-05-19','982-930-8612','https://robohash.org/providentquidoloremque.png?size=50x50&set=set1','ROL_USER','edurwardcd@google.pl','6339',NULL),(947,'Willow Brunke','471d5be97986e116394046a827e6efc8cbfb3faa','34810795','1958-12-29','908-186-7279','https://robohash.org/quasvoluptatevoluptatum.png?size=50x50&set=set1','ROL_USER','wbrunkece@eventbrite.com','4823',NULL),(948,'Sophie Beagrie','471d5be97986e116394046a827e6efc8cbfb3faa','25364000','1928-10-29','469-470-0334','https://robohash.org/quialiberorepellendus.png?size=50x50&set=set1','ROL_USER','sbeagriecf@eepurl.com','8462',NULL),(949,'Rutherford Loddon','471d5be97986e116394046a827e6efc8cbfb3faa','42572082','1981-11-17','861-551-5485','https://robohash.org/veroenimrerum.png?size=50x50&set=set1','ROL_USER','rloddoncg@ebay.co.uk','8433',NULL),(950,'Chandal Cremin','471d5be97986e116394046a827e6efc8cbfb3faa','29087262','1959-10-28','209-341-2052','https://robohash.org/quaesuscipitconsequatur.png?size=50x50&set=set1','ROL_USER','ccreminch@indiatimes.com','1491',NULL),(951,'Hal Holywell','471d5be97986e116394046a827e6efc8cbfb3faa','61559879','1973-11-13','779-584-1128','https://robohash.org/sitdebitisvoluptates.png?size=50x50&set=set1','ROL_USER','hholywellci@cam.ac.uk','5081',NULL),(952,'Austin Hawkswood','471d5be97986e116394046a827e6efc8cbfb3faa','20326450','1984-12-15','256-173-9752','https://robohash.org/magnameaquesapiente.png?size=50x50&set=set1','ROL_USER','ahawkswoodcj@freewebs.com','4505',NULL),(953,'Xymenes Tulleth','471d5be97986e116394046a827e6efc8cbfb3faa','12314869','1952-09-14','350-690-3531','https://robohash.org/corporisquododio.png?size=50x50&set=set1','ROL_USER','xtullethck@java.com','5134',NULL),(954,'Al Huzzay','471d5be97986e116394046a827e6efc8cbfb3faa','15336026','2001-06-06','130-124-8287','https://robohash.org/nihilveritatisesse.png?size=50x50&set=set1','ROL_USER','ahuzzaycl@tuttocitta.it','1179',NULL),(955,'Dela Nutty','471d5be97986e116394046a827e6efc8cbfb3faa','16668116','1920-05-09','651-823-5708','https://robohash.org/ametetodio.png?size=50x50&set=set1','ROL_USER','dnuttycm@e-recht24.de','5331',NULL),(956,'Schuyler Keemer','471d5be97986e116394046a827e6efc8cbfb3faa','51484279','1985-07-02','452-275-4430','https://robohash.org/omnisquaeratex.png?size=50x50&set=set1','ROL_USER','skeemercn@tiny.cc','6429',NULL),(957,'Marty MacPharlain','471d5be97986e116394046a827e6efc8cbfb3faa','31815616','2002-12-07','348-946-7093','https://robohash.org/quaerecusandaefacere.png?size=50x50&set=set1','ROL_USER','mmacpharlainco@slashdot.org','1130',NULL),(958,'Debby Asaaf','471d5be97986e116394046a827e6efc8cbfb3faa','54645042','1948-07-02','449-195-6155','https://robohash.org/autipsaaccusamus.png?size=50x50&set=set1','ROL_USER','dasaafcp@mac.com','6056',NULL),(959,'Gibby Sandom','471d5be97986e116394046a827e6efc8cbfb3faa','17342563','1995-07-03','709-167-9609','https://robohash.org/velevenietdicta.png?size=50x50&set=set1','ROL_USER','gsandomcq@time.com','1352',NULL),(960,'Nicola Guys','471d5be97986e116394046a827e6efc8cbfb3faa','14698221','1935-11-12','546-716-1531','https://robohash.org/possimuscorporiset.png?size=50x50&set=set1','ROL_USER','nguyscr@oaic.gov.au','8761',NULL),(961,'Alicia Gilbank','471d5be97986e116394046a827e6efc8cbfb3faa','59467229','1941-09-22','482-850-9447','https://robohash.org/consecteturquasirerum.png?size=50x50&set=set1','ROL_USER','agilbankcs@wikia.com','1158',NULL),(962,'Freddy Shower','471d5be97986e116394046a827e6efc8cbfb3faa','21536423','1972-08-14','469-224-5669','https://robohash.org/pariaturdelectusratione.png?size=50x50&set=set1','ROL_USER','fshowerct@theglobeandmail.com','5199',NULL),(963,'Karita Dibbert','471d5be97986e116394046a827e6efc8cbfb3faa','61753106','1972-05-26','595-820-6423','https://robohash.org/etnobisducimus.png?size=50x50&set=set1','ROL_USER','kdibbertcu@tuttocitta.it','3566',NULL),(964,'Rafi Dwerryhouse','471d5be97986e116394046a827e6efc8cbfb3faa','11164506','1958-10-10','565-680-2642','https://robohash.org/doloremmolestiaeest.png?size=50x50&set=set1','ROL_USER','rdwerryhousecv@jimdo.com','4916',NULL),(965,'Norean Alsford','471d5be97986e116394046a827e6efc8cbfb3faa','19784070','1934-02-15','914-563-7151','https://robohash.org/quiadipisciqui.png?size=50x50&set=set1','ROL_USER','nalsfordcw@youtu.be','8312',NULL),(966,'Adrea Fouldes','471d5be97986e116394046a827e6efc8cbfb3faa','36979902','1930-03-14','150-433-9961','https://robohash.org/veritatiscorporisconsectetur.png?size=50x50&set=set1','ROL_USER','afouldescx@si.edu','2186',NULL),(967,'Estelle Nisen','471d5be97986e116394046a827e6efc8cbfb3faa','39066420','1912-11-26','915-727-9610','https://robohash.org/doloremrerumipsa.png?size=50x50&set=set1','ROL_USER','enisency@illinois.edu','6668',NULL),(968,'Scottie Wattam','471d5be97986e116394046a827e6efc8cbfb3faa','51525230','1975-12-14','935-253-7552','https://robohash.org/ullamquilibero.png?size=50x50&set=set1','ROL_USER','swattamcz@printfriendly.com','6769',NULL),(969,'Babita Marston','471d5be97986e116394046a827e6efc8cbfb3faa','52303008','2001-04-13','404-421-9763','https://robohash.org/nemoconsequaturdoloremque.png?size=50x50&set=set1','ROL_USER','bmarstond0@domainmarket.com','8753',NULL),(970,'Klarika Hollow','471d5be97986e116394046a827e6efc8cbfb3faa','52959213','1930-06-16','485-308-5773','https://robohash.org/aliasquorerum.png?size=50x50&set=set1','ROL_USER','khollowd1@cbsnews.com','7485',NULL),(971,'Morris Tassell','471d5be97986e116394046a827e6efc8cbfb3faa','55305586','1969-12-01','188-849-0041','https://robohash.org/utlaboriosamadipisci.png?size=50x50&set=set1','ROL_USER','mtasselld2@wunderground.com','4462',NULL),(972,'Trude D\'Aguanno','471d5be97986e116394046a827e6efc8cbfb3faa','60450737','1942-03-21','240-495-5561','https://robohash.org/voluptatemetet.png?size=50x50&set=set1','ROL_USER','tdaguannod3@adobe.com','7572',NULL),(973,'Antonietta Guthrum','471d5be97986e116394046a827e6efc8cbfb3faa','12632699','1950-01-14','637-281-4315','https://robohash.org/dignissimosveniamexplicabo.png?size=50x50&set=set1','ROL_USER','aguthrumd4@hugedomains.com','8540',NULL),(974,'Alida Sullens','471d5be97986e116394046a827e6efc8cbfb3faa','48706163','1928-09-29','905-469-5397','https://robohash.org/quascumquidem.png?size=50x50&set=set1','ROL_USER','asullensd5@craigslist.org','7022',NULL),(975,'Jerrine Beahan','471d5be97986e116394046a827e6efc8cbfb3faa','50725185','1934-02-11','451-543-8234','https://robohash.org/voluptastemporaexercitationem.png?size=50x50&set=set1','ROL_USER','jbeahand6@chronoengine.com','7264',NULL),(976,'Batsheva Aveling','471d5be97986e116394046a827e6efc8cbfb3faa','45969613','1934-08-16','202-666-9252','https://robohash.org/quamquoiure.png?size=50x50&set=set1','ROL_USER','bavelingd7@spiegel.de','6695',NULL),(977,'Marta Schukert','471d5be97986e116394046a827e6efc8cbfb3faa','22055590','2003-06-09','203-327-3589','https://robohash.org/laudantiumestet.png?size=50x50&set=set1','ROL_USER','mschukertd8@flavors.me','4671',NULL),(978,'Colver Franciskiewicz','471d5be97986e116394046a827e6efc8cbfb3faa','27864201','1964-01-16','757-223-2095','https://robohash.org/inventoretemporeaut.png?size=50x50&set=set1','ROL_USER','cfranciskiewiczd9@hc360.com','5979',NULL),(979,'Virgina Boggis','471d5be97986e116394046a827e6efc8cbfb3faa','51872475','1962-04-27','759-813-0248','https://robohash.org/modiautomnis.png?size=50x50&set=set1','ROL_USER','vboggisda@ft.com','6729',NULL),(980,'Caron Cranshaw','471d5be97986e116394046a827e6efc8cbfb3faa','52933925','1949-01-15','541-383-4636','https://robohash.org/modiexercitationemmagni.png?size=50x50&set=set1','ROL_USER','ccranshawdb@google.co.uk','8373',NULL),(981,'Forrest Klement','471d5be97986e116394046a827e6efc8cbfb3faa','20134556','1930-01-05','343-212-5204','https://robohash.org/sitsuntrecusandae.png?size=50x50&set=set1','ROL_USER','fklementdc@hp.com','2731',NULL),(982,'Marius Konert','471d5be97986e116394046a827e6efc8cbfb3faa','35878491','1930-06-03','951-887-8148','https://robohash.org/sintquienim.png?size=50x50&set=set1','ROL_USER','mkonertdd@deviantart.com','1000',NULL),(983,'Goldia Pomphrey','471d5be97986e116394046a827e6efc8cbfb3faa','51248933','1988-04-18','743-381-5215','https://robohash.org/quofacilisiure.png?size=50x50&set=set1','ROL_USER','gpomphreyde@apple.com','7700',NULL),(984,'Haskel Goldup','471d5be97986e116394046a827e6efc8cbfb3faa','60280359','1961-10-10','612-534-7794','https://robohash.org/hiceumofficia.png?size=50x50&set=set1','ROL_USER','hgoldupdf@nba.com','5998',NULL),(985,'Greer Archer','471d5be97986e116394046a827e6efc8cbfb3faa','44683313','1987-01-22','312-706-8558','https://robohash.org/voluptateiustoharum.png?size=50x50&set=set1','ROL_USER','garcherdg@imdb.com','8881',NULL),(986,'Quintus Glendining','471d5be97986e116394046a827e6efc8cbfb3faa','39581062','2002-05-21','607-581-3841','https://robohash.org/delenitiineos.png?size=50x50&set=set1','ROL_USER','qglendiningdh@imdb.com','3936',NULL),(987,'Harriot Northing','471d5be97986e116394046a827e6efc8cbfb3faa','39548666','1911-04-12','295-962-0122','https://robohash.org/facilisautut.png?size=50x50&set=set1','ROL_USER','hnorthingdi@ameblo.jp','2818',NULL),(988,'Sarajane Ferreiro','471d5be97986e116394046a827e6efc8cbfb3faa','27115157','1972-06-22','496-403-5135','https://robohash.org/quiafugaipsam.png?size=50x50&set=set1','ROL_USER','sferreirodj@addtoany.com','3464',NULL),(989,'Leonie Billborough','471d5be97986e116394046a827e6efc8cbfb3faa','43401016','1988-06-21','149-804-6291','https://robohash.org/sedharumveniam.png?size=50x50&set=set1','ROL_USER','lbillboroughdk@ovh.net','5872',NULL),(990,'Vittoria Speeding','471d5be97986e116394046a827e6efc8cbfb3faa','57137568','1993-06-08','604-922-9564','https://robohash.org/aaspernaturveniam.png?size=50x50&set=set1','ROL_USER','vspeedingdl@flickr.com','7721',NULL),(991,'Janaye Weatherhead','471d5be97986e116394046a827e6efc8cbfb3faa','12073463','1912-05-12','995-274-8583','https://robohash.org/velsolutafuga.png?size=50x50&set=set1','ROL_USER','jweatherheaddm@bloomberg.com','7953',NULL),(992,'Darya Human','471d5be97986e116394046a827e6efc8cbfb3faa','19608894','1980-08-02','991-103-8949','https://robohash.org/suntetminus.png?size=50x50&set=set1','ROL_USER','dhumandn@sogou.com','5443',NULL),(993,'Rebbecca Zaczek','471d5be97986e116394046a827e6efc8cbfb3faa','64990407','2000-06-12','612-971-7906','https://robohash.org/cumqueautemmaxime.png?size=50x50&set=set1','ROL_USER','rzaczekdo@shop-pro.jp','6155',NULL),(994,'Catherin Mariaud','471d5be97986e116394046a827e6efc8cbfb3faa','21148764','1931-05-23','919-751-2689','https://robohash.org/eiusvoluptaset.png?size=50x50&set=set1','ROL_USER','cmariauddp@businessweek.com','3822',NULL),(995,'Goldina Orneles','471d5be97986e116394046a827e6efc8cbfb3faa','26724779','1932-08-07','572-507-2957','https://robohash.org/quosdelenitised.png?size=50x50&set=set1','ROL_USER','gornelesdq@about.com','1236',NULL),(996,'Holly-anne Tewkesbury','471d5be97986e116394046a827e6efc8cbfb3faa','56322918','1995-04-16','373-682-0733','https://robohash.org/atenimet.png?size=50x50&set=set1','ROL_USER','htewkesburydr@about.com','8368',NULL),(997,'Tracie Iverson','471d5be97986e116394046a827e6efc8cbfb3faa','64840728','1967-10-08','886-326-7430','https://robohash.org/sintutut.png?size=50x50&set=set1','ROL_USER','tiversonds@bloomberg.com','1186',NULL),(998,'Lily Glanders','471d5be97986e116394046a827e6efc8cbfb3faa','57634784','1942-11-26','382-484-5558','https://robohash.org/sedatmagni.png?size=50x50&set=set1','ROL_USER','lglandersdt@cam.ac.uk','1270',NULL),(999,'Gage Pitcaithley','471d5be97986e116394046a827e6efc8cbfb3faa','57017315','1963-04-16','992-442-6533','https://robohash.org/namasperioresquidem.png?size=50x50&set=set1','ROL_USER','gpitcaithleydu@youtu.be','3907',NULL),(1000,'Merrill Foxley','471d5be97986e116394046a827e6efc8cbfb3faa','17036519','1944-03-03','163-429-2331','https://robohash.org/ipsarerumut.png?size=50x50&set=set1','ROL_USER','mfoxleydv@thetimes.co.uk','7573',NULL),(1001,'Monsape a ver que onda ','$2a$10$DYCSbpzXnbSlkbzonwXx4O031ePVohFCX6ORIC.0eq00yyMDwR2EO',NULL,'2021-10-01',NULL,'/users/default-avatar.jpg','ROL-USER','monsape@monsape.com',NULL,NULL),(1002,'monsape recargado','$2a$10$Ir1MTcgeqc6yplnV9Mk5d.Zm19IRLGS5Td7qH9bGlUBzfwjxofDIm',NULL,'2021-10-01',NULL,'/users/default-avatar.jpg','ROL-USER','monsape2@monsape.com',NULL,NULL),(1003,'monsape revolucion','$2a$10$NoZiJenu57ZMyRSbrYJzsuMkDyq4nHF1Ftbmv2sK3hfN40EI9gas6',NULL,'2021-10-01',NULL,'/users/default-avatar.jpg','ROL-USER','monsape3@monsape.com',NULL,NULL),(1004,'monsape diosito dale aiudame','$2a$10$1mn9cSolZrA7sW508/i7NO4C1Mu.IgOjc5Bkg8sXESN8ubHaAhgDe','354353','2000-10-12','23432433','users/1633104366291_img_.jpg','ROL-USER','monsape4@monsape.com','23123','Avenida siempre viva 123 ');
/*!40000 ALTER TABLE `users` ENABLE KEYS */;
UNLOCK TABLES;

--
-- Table structure for table `varieties`
--

DROP TABLE IF EXISTS `varieties`;
/*!40101 SET @saved_cs_client     = @@character_set_client */;
/*!40101 SET character_set_client = utf8 */;
CREATE TABLE `varieties` (
  `id` int(11) NOT NULL AUTO_INCREMENT,
  `name` varchar(50) NOT NULL,
  PRIMARY KEY (`id`)
) ENGINE=InnoDB AUTO_INCREMENT=22 DEFAULT CHARSET=utf8;
/*!40101 SET character_set_client = @saved_cs_client */;

--
-- Dumping data for table `varieties`
--

LOCK TABLES `varieties` WRITE;
/*!40000 ALTER TABLE `varieties` DISABLE KEYS */;
INSERT INTO `varieties` VALUES (1,'Malbec'),(2,'Cabernet'),(3,'Sauvignon'),(4,'Petit'),(5,'Chardonnay'),(6,'Bouchet'),(7,'Tannat'),(8,'Merlot'),(9,'Riesling'),(10,'Viognier'),(11,'Pinot'),(12,'Syrah'),(13,'Gewurztraminer'),(14,' Cabernet Sauvignon'),(15,'Malbec Predominante'),(16,'Petit Verdot'),(17,'Cabernet Franc'),(18,'Pinot Noir'),(19,'Sauvignon Blanc'),(20,'Pinot Gris'),(21,'Pinot Meunier');
/*!40000 ALTER TABLE `varieties` ENABLE KEYS */;
UNLOCK TABLES;

--
-- Table structure for table `wines`
--

DROP TABLE IF EXISTS `wines`;
/*!40101 SET @saved_cs_client     = @@character_set_client */;
/*!40101 SET character_set_client = utf8 */;
CREATE TABLE `wines` (
  `id` int(11) NOT NULL AUTO_INCREMENT,
  `name` varchar(50) NOT NULL,
  `description` text NOT NULL,
  `pairing` text NOT NULL,
  `stock` int(11) NOT NULL,
  `totalAcidity` varchar(15) NOT NULL,
  `residualSugar` varchar(10) NOT NULL,
  `alcoholContent` varchar(25) NOT NULL,
  `price` decimal(10,2) NOT NULL,
  `discount` decimal(10,2) DEFAULT NULL,
  `image` varchar(100) NOT NULL,
  `collection_id` int(11) NOT NULL,
  `category_id` int(11) NOT NULL,
  `service_temperature` varchar(150) DEFAULT NULL,
  `sales` int(8) DEFAULT 0,
  PRIMARY KEY (`id`),
  KEY `FK_850a0689-4de5-4b1e-beec-d021e0122aac` (`collection_id`),
  KEY `FK_45607e9a-91e2-4e57-bce6-a5526327b141` (`category_id`),
  CONSTRAINT `FK_45607e9a-91e2-4e57-bce6-a5526327b141` FOREIGN KEY (`category_id`) REFERENCES `categories` (`id`),
  CONSTRAINT `FK_850a0689-4de5-4b1e-beec-d021e0122aac` FOREIGN KEY (`collection_id`) REFERENCES `collections` (`id`)
) ENGINE=InnoDB AUTO_INCREMENT=29 DEFAULT CHARSET=utf8;
/*!40101 SET character_set_client = @saved_cs_client */;

--
-- Dumping data for table `wines`
--

LOCK TABLES `wines` WRITE;
/*!40000 ALTER TABLE `wines` DISABLE KEYS */;
INSERT INTO `wines` VALUES (1,'Monsape - Field Blend - Malbec Verdot','Monsape Finca Los Nobles - Field Blend - Malbec Verdot es un vino unico. De color rojo violaceo profundo con reflejos rubi, sus aromas son expresivos e intensos, con notas de frutos rojos y negros, especias dulces, flores y suaves ahumados de la crianza. En boca es franco y voluptuoso, con una frescura vivaz que habla de la aada, apoyada en su caracter frutal. De paladar amplio y profundo, con taninos finos y un final persistente en el que se puede apreciar su complejidad. Es un tinto de terroir, con sentido de pertenencia y muy representativo de la familia.','Es ideal para disfrutar con platos especiales a base de las mejores carnes asadas como bife de Kobe, ojo de bife Angus o gigot de cordero patagnico.',6282,'5,70 g/l','3,15 g/l','14,50%',2500.00,15.00,'/VinosJson/dato2.jpg',1,2,'Entre 15C y 18C.',21),(2,'Monsape Finca Los Nobles - Chardonnay','Monsape Finca Los Nobles - Chardonnay es un blanco nico, de color amarillo brillante con reflejos dorados. Sus aromas son intensos y equilibrados, con notas de frutas blancas, miel, manzanilla y toques florales. En boca es franco y refrescante, vivaz y voluptuoso, con carcter ntido. De paladar amplio y profundo, tiene un final persistente y mineral con dejos de levaduras. Es un blanco pensado para la guarda que refleja el espritu del viedo y de la familia.','Es ideal para disfrutar con platos especiales como una merluza austral con arroz salteado, risotto de langostinos, o bien tabla de quesos.',6427,'6 g/l','1,59 g/l','14,50%',13000.00,25.00,'/VinosJson/dato3.jpg',1,3,'Entre 8C y 10C',294),(3,'Monsape Gala 1 - Malbec','Monsape Gala 1 es un vino innovador por fuera y por dentro. De color rojo violceo intenso y brillante. Sus aromas son sutiles y equilibrados, con notas de frutas rojas y especias frescas. En boca es gil y expresivo, voluptuoso, con fuerza y agarre que le augura un gran potencial. De paladar franco y moderno, vibrante, jugoso y con buena concentracin de fruta. En su final persistente se siente la madera muy bien integrada. Es un Malbec-blend pionero, con mucha vida por delante.','Es ideal para disfrutar con platos especiales como una cotoletta alla milanese, o un solomillo de cerdo con pur de batatas.',49065,'5,63 g/l','2,72 g/l','14,60%',1200.00,15.00,'/VinosJson/dato5.jpg',2,2,'Entre 15C y 18C.',98),(4,'Monsape Finca Los Nobles - Cabernet Bouchet','Monsape Finca Los Nobles - Field Blend - Cabernet Bouchet es un vino robusto, de color rojo rub profundo con reflejos caoba. Sus aromas son equilibrados y elegantes, con notas de frutos maduros, especias, moca y suaves ahumados de la crianza. En boca es imponente, de frescura equilibrada y carcter especiado intenso. De buen cuerpo, maduro, con taninos finos y firmes, y un final persistente en el que se aprecia su complejidad. Es un tinto de terroir, con gran potencial de guarda y orgullo de la familia.','Es ideal para disfrutar con platos elaborados como conejo asado con espinacas y vegetales, o bien cordero braseado con hierbas.',5007,'3,50 g/l','2,90 g/l','14,30%',900.00,5.00,'/VinosJson/dato4.jpg',1,2,'Entre 15C y 18C.',479),(5,'Monsape Gala 2','Monsape Gala 2 es un vino sofisticado y moderno con espritu clsico. De color rojo bord profundo y brillante, sus aromas son delicados y armnicos, con notas de frutos del bosque y especias. En boca es voluptuoso y fresco, con buen cuerpo y taninos firmes. De paladar consistente, con carcter elegante y expresivo, y suaves toques vegetales tpicos del Cabernet Sauvignon. En su largo y atractivo final se sienten los ahumados de la crianza totalmente integrados. Es un tinto que va a ganar complejidad con la guarda.','Ideal para disfrutar con platos especiales como un magret de pato con verduras asadas, o un cabrito al asador con humita cremosa.',27089,'6 g/l','2,84 g/l','14,50%',1050.00,15.00,'/VinosJson/dato6.jpg',2,2,'Entre 15C y 18C.',470),(6,'Monsape Gala 4 - Cabernet Franc','Monsape Gala 4 es un vino actual concebido a partir de la experiencia. De color rojo rub intenso y brillante. Sus aromas son sutiles y delicados, con notas a frutas rojas maduras, especias y hierbas secas. En boca es fluido y equilibrado, con taninos firmes. De paladar franco y fresco, jugoso y amable, con un carcter vegetal elegante y un final persistente en el que se siente el aporte del roble. Es un blend con tipicidad y buen potencial de guarda.','Ideal para disfrutar con platos especiales como lomo con marinada de verduras, o bife dry aged con ensalada de rcula y parmesano.',12405,'5,70 g/l','2,64 g/l','14,40%',1800.00,25.00,'/VinosJson/dato8.jpg',2,2,'Entre 15C y 18C.',814),(7,'Monsape - Riesling ','Monsape Riesling Las Compuertas es pionero entre los varietales argentinos. De color amarillo brillante con reflejos dorados y verdosos. Sus aromas son equilibrados y expresivos; combinan frutas tropicales y flores silvestres. En boca es vivaz y refrescante, con buen cuerpo. De paladar franco y complejo, con tensin y un carcter floral que habla de su tipicidad, pero tambin de su personalidad.','Es ideal para disfrutar con platos intensos y especiados al estilo Thai, como el pad thai. O bien con cochinillo al horno con vegetales.',10000,'5,33 g/l','1,48 g/l','12,90%',1750.00,30.00,'/VinosJson/dato9.jpg',3,1,'Entre 8C y 11C.',479),(8,'Monsape - Grand Pinot Noir','Monsape - Grand Pinot Noir - La Consulta es un autntico vino de terruo. De color rojo rub brillante y poco profundo, sus aromas son delicados, con notas de frutos rojos y especias. En boca es vivaz y equilibrado, de textura fina, paladar franco y refrescante; con carcter complejo y final profundo en el que se perciben integrados los tostados de la crianza en barricas de roble francs. Es un exponente varietal con personalidad y potencial de guarda.','Es ideal para disfrutar con platos especiales como langostinos grillados, magret de canard a la pimienta, o bien pasta seca ai funghi.',10000,'5,78 g/l','2,59 g/l','14,20%',2500.00,35.00,'/VinosJson/dato10.jpg',3,2,'Entre 14C y 16C. Sugerimos decantar el vino una hora antes de beberlo.',58),(9,'Monsape - Malbec','Monsape - Malbec - Terroir Los Miradores es un vino que refleja el espritu de un viedo nuevo. De color rojo violceo profundo y brillante. Sus aromas son intensos, con notas de frutos del bosque, especias y hierbas frescas. En boca es voluptuoso y consistente, con taninos vivaces y buen agarre. De paladar franco y expresivo, con carcter y tipicidad, y un final con dejo floral tan persistente como refrescante. Es un tinto moderno, con personalidad y potencial para ganar complejidad con la guarda.','Es ideal para disfrutar con platos especiales como pastas rellenas de cordero en sus propios jugos, paleta de novillo roti con batatas y zanahorias, o risotto de remolachas.',10000,'5,40 g/l','2,80 g/l','14,60%',1010.00,25.00,'/VinosJson/dato12.jpg',3,2,'Entre 15C y 18C. Sugerimos decantar el vino al menos una hora antes de beberlo.',665),(10,'Monsape - Malbec D.O.C.','Monsape - Malbec D.O.C es uno de los primeros vinos argentinos con De - nominacin de Origen. De color rojo violceo profundo y brillante, sus aromas son equilibrados, con notas de frutas rojas y negras, y especias dulces. En boca es refrescante y voluptuoso, con taninos finos y delicados. De paladar franco y expresivo, con carcter y tipicidad, y un final profundo con suaves tonos ahumados de la crianza en barricas de roble. Es un gran exponente del varietal y de su terruo, con gran potencial de guarda.','Ideal para disfrutar con platos especiales como un rack de cordero con hongos salteados, o bien ojo de bife madurado con risotto de quinoa, y tabla de quesos semiduros.',10000,'5,48 g/l','2,20 g/l','14%',1900.00,20.00,'/VinosJson/dato11.jpg',3,2,'Entre 15C y 18C.',798),(11,'Monsape - Sauvignon Blanc','Monsape Sauvignon Blanc es un vino blanco de color amarillo plido y brillante con reflejos acerados. Sus aromas son delicados y expresivos, con notas de frutas blancas y ctricas. En boca es vivaz y refrescante, de paladar franco y equilibrado; voluptuoso, con un carcter herbal que lo distingue y un paso por boca vibrante. Es un vino de gran tipicidad varietal que habla del terruo en el que nace.','Ideal para acompaar ostras, langostinos grillados, o bien pastas rellenas con salsas de crema y hierbas.',10000,'6,18 g/l','2,81 g/l','13,40%',5455.00,55.00,'/VinosJson/dato13.jpg',4,1,'Entre 8C y 10C.',642),(12,'Monsape - Chardonnay','Monsape - Chardonnay es un blanco de color amarillo intenso brillante. Sus aromas son armnicos, con notas de frutas blancas y ctricas, y dejos florales. De entrada en boca fresca, paladar franco y vivaz, con buen volumen y textura incipiente que aporta carcter. Su final es expresivo y delicado, tambin persistente, y recuerda a jazmn y flores de acacia. Es uno de los exponentes del varietal referente de la Argentina.','Es ideal para acompaar preparaciones delicadas a base de pescados como sashimi de salmn, trucha grillada o atn rojo sellado con arroz salteado con vegetales.',10000,'7,13 g/l','1,50 g/l','13,70%',988.00,20.00,'/VinosJson/dato13.jpg',4,1,'Entre 8C y 10C.',133),(13,'Monsape - Pinot Noir','Monsape - Grand Pinot Noir - La Consulta es un autntico vino de terruo. De color rojo rub brillante y poco profundo, sus aromas son delicados, con notas de frutos rojos y especias. En boca es vivaz y equilibrado, de textura fina, paladar franco y refrescante; con carcter complejo y final profundo en el que se perciben integrados los tostados de la crianza en barricas de roble francs. Es un exponente varietal con personalidad y potencial de guarda.','Es ideal para disfrutar con platos especiales como langostinos grillados, magret de canard a la pimienta, o bien pasta seca ai funghi.',10000,'5,78 g/l','2,50 g/l','14,20%',770.00,10.00,'/VinosJson/dato14.jpg',4,2,'Entre 14C y 16C. Sugerimos decantar el vino una hora antes de beberlo.',609),(14,'Monsape Malbec','Monsape - Malbec es un tinto de color rojo violceo brillante. Sus aromas son intensos y amables, con notas que recuerdan a frutas rojas, y tonos algo florales y especiados. En boca es generoso, fluido y expresivo, con taninos incipientes. De paladar franco y paso refrescante, con buen cuerpo y carcter. Su final es profundo y ntido, con la crianza totalmente integrada. Es un vino insignia de la variedad y con buen potencial de guarda.','Ideal para disfrutar con carnes rojas a la parrilla como entraa con pur o bien ojo de bife con papas rsticas al romero.',10000,'5,33 g/l','2,55 g/l','14,20%',1020.00,20.00,'/VinosJson/dato15.jpg',4,2,'Entre 16C y 18C.',849),(15,'Monsape - Rose','Monsape - Rose es un vino de color tenue y brillante con reflejos cobrizos. Sus aromas son vibrantes, con notas de frutas rojas, membrillo, miel y flores blancas. En boca es vivaz y refrescante, de paladar franco y tenso. Es un rosado voluptuoso, con agarre y un carcter expresivo y bien sutil. De buen cuerpo, final persistente y delicado. Es un rosado innovador y original que va evolucionando desde el viedo.','Es ideal para disfrutar con entradas de mar como el pulpo a la gallega, rabas y chipirones fritos, o bien tiradito de atn rojo.',10000,'7,30 g/l','1,70 g/l','13,10%',850.00,15.00,'/VinosJson/dato19.jpg',4,3,'Entre 10C y 14C.',503),(16,'Monsape - De Sangre','Monsape De Sangre es un tinto de color rojo bord brillante con reflejos rub. Sus aromas son sutiles y equilibrados, con notas vegetales y especiadas. En boca es voluptuoso y expresivo, con taninos incipientes. De paladar franco y fresco, con buen cuerpo y vivacidad, y carcter amable con final persistente en el que conviven la tipicidad del Cabernet con los ahumados de la crianza. Es un blend con potencial de guarda que refleja el espritu de la familia.','Ideal para disfrutar con un risotto de hongos o unas baby back ribs (costillitas) con choclo y papas asadas a la lea.',10000,'5,25 g/l','2,30 g/l','14,20%',500.00,10.00,'/VinosJson/dato17.jpg',4,2,'Entre 16C y 18C.',838),(17,'Monsape - Cabernet Sauvignon','Monsape - Cabernet Sauvignon es un tinto de color rojo rub profundo y brillante. Sus aromas son sutiles y equilibrados, con notas de frutos negros, especias y cuero. En boca es jugoso y expresivo, con taninos finos y firmes que se agarran. De paladar franco y fresco, con buen cuerpo y carcter vivaz, y final profundo en el que se aprecian los ahumados de la crianza en barricas de roble. Es un vino referente del varietal, con gran potencial de guarda.','Es ideal para disfrutar con carnes de caza de sabores intensos como ciervo o jabal marinado con hierbas y acompaados de vegetales asados.',10000,'5,33 g/l','2,50 g/l','13,80%',1010.00,10.00,'/VinosJson/dato16.jpg',4,2,'Entre 16C y 18C.',943),(18,'Monsape - Del Alma','Monsape Del Alma es un blend blanco de color amarillo brillante con reflejos acerados. Sus aromas son integrados y delicados, con notas de frutas blancas y levaduras. En boca es refrescante, con fuerza y profundidad. De paladar franco y voluptuoso, textura incipiente y un carcter floral muy sutil. Buen cuerpo y final complejo. Es un blend blanco con una composicin varietal muy original y personalidad propia.','Ideal para disfrutar con pescados grasos a la parrilla, como dorado o surub\' con papas y vegetales asados.',10000,'6,60 g/l','1,43 g/l','13,60%',1022.00,25.00,'/VinosJson/dato20.jpg',4,1,'Entre 8C y 12C.',108),(19,'Monsape Brut','Monsape - Brut es un espumoso de color amarillo brillante con reflejos verdosos. Sus aromas son delicados y elegantes, con notas de frutas maduras, especias y pan tostado. En boca es refrescante, de paladar amplio y equilibrado, con burbujas finas y persistentes. Con carcter propio, buena estructura y un final de boca amable y tenso. Es un vino especial, concebido para celebrar momentos nicos.','Es ideal para disfrutar con ostras gratinadas, langostinos grillados o un risotto verde con hongos.',10000,'6,60 g/l','7,10 g/l','12,40%',1555.00,15.00,'/VinosJson/dato22.jpg',5,4,'Entre 8C y 10C.',701),(20,'Monsape - Brut Nature','Monsape - Brut es un espumoso de color amarillo brillante con reflejos verdosos. Sus aromas son delicados y elegantes, con notas de frutas maduras, especias y pan tostado. En boca es refrescante, de paladar amplio y equilibrado, con burbujas finas y persistentes. Con carcter propio, buena estructura y un final de boca amable y tenso. Es un vino especial, concebido para celebrar momentos nicos.','Es ideal para disfrutar con ostras gratinadas, langostinos grillados o un risotto verde con hongos.',10000,'6,60 g/l','7,10 g/l','12,40%',8450.00,35.00,'/VinosJson/dato23.jpg',5,4,'Entre 8C y 10C.',179),(21,'Monsape Boheme - Brut Nature','Monsape Boheme - Brut Nature es un espumoso de color dorado brillante. Sus aromas son delicados y elegantes, con notas que recuerdan a frutas blancas, frutos secos y pan tostado. En boca es vivaz y refrescante, de paladar franco y equilibrado, con burbujas finas y persistentes. Es de carcter complejo, con buena estructura y fineza en su paso por boca; un vino sofisticado concebido para celebrar momentos nicos.','Es ideal para disfrutar con ostras gratinadas, langostinos grillados o un risotto verde con hongos.',10000,'5,51 g/l','3,76 g/l','13,20%',1500.00,25.00,'/VinosJson/dato21.jpg',5,4,'Entre 8C y 10C.',899),(22,'Monsape - Prestige - Rose','Monsape - Prestige Rose es un espumoso de color rosado plido y brillante. Sus aromas son equilibrados y sutiles, con notas de frutas rojas y especias. En boca es refrescante, de paladar amplio y vibrante, con burbujas finas y persistentes. Con carcter propio, buena estructura y un final de boca amable y tenso. Es un vino especial, concebido para celebrar momentos nicos.','Ideal para disfrutar con ravioles de espinaca y ricota, o una tradicional paella de langostinos, pollo y vegetales.',10000,'5,93 g/l','5,64 g/l','12,90%',5500.00,20.00,'',5,4,'Entre 8C y 10C.',957),(23,'-','-','-',1,'-','-','-',1.00,1.00,'-',1,1,'-',263),(28,'-','-','-',0,'-','-','-',0.00,0.00,'Vinos/default-image.jpg',1,1,'-',40);
/*!40000 ALTER TABLE `wines` ENABLE KEYS */;
UNLOCK TABLES;

--
-- Table structure for table `wines_varieties`
--

DROP TABLE IF EXISTS `wines_varieties`;
/*!40101 SET @saved_cs_client     = @@character_set_client */;
/*!40101 SET character_set_client = utf8 */;
CREATE TABLE `wines_varieties` (
  `id` int(11) NOT NULL AUTO_INCREMENT,
  `wine_id` int(11) NOT NULL,
  `variety_id` int(11) NOT NULL,
  PRIMARY KEY (`id`),
  KEY `FK_e13b97d0-4eef-49d8-8a5d-0ab48b6f1326` (`wine_id`),
  KEY `FK_05c3be40-666e-4f08-9d34-97678f46f76f` (`variety_id`),
  CONSTRAINT `FK_05c3be40-666e-4f08-9d34-97678f46f76f` FOREIGN KEY (`variety_id`) REFERENCES `varieties` (`id`) ON DELETE CASCADE ON UPDATE NO ACTION,
  CONSTRAINT `FK_e13b97d0-4eef-49d8-8a5d-0ab48b6f1326` FOREIGN KEY (`wine_id`) REFERENCES `wines` (`id`) ON DELETE CASCADE ON UPDATE NO ACTION
) ENGINE=InnoDB AUTO_INCREMENT=100 DEFAULT CHARSET=utf8;
/*!40101 SET character_set_client = @saved_cs_client */;

--
-- Dumping data for table `wines_varieties`
--

LOCK TABLES `wines_varieties` WRITE;
/*!40000 ALTER TABLE `wines_varieties` DISABLE KEYS */;
INSERT INTO `wines_varieties` VALUES (1,1,15),(2,1,16),(3,2,5),(4,3,14),(5,3,6),(6,4,1),(7,4,7),(8,4,16),(9,5,14),(10,5,17),(11,5,8),(12,6,5),(13,6,9),(14,6,10),(15,7,17),(16,7,1),(17,8,9),(18,9,18),(19,10,1),(20,11,1),(21,12,19),(22,13,5),(23,14,18),(24,15,1),(25,16,14),(26,17,14),(27,17,12),(28,17,8),(29,18,13),(30,19,20),(31,19,18),(32,20,5),(33,20,19),(34,20,20),(35,20,10),(36,20,9),(37,21,18),(38,21,5),(39,21,21),(42,23,5),(43,23,18),(67,22,5),(68,22,18);
/*!40000 ALTER TABLE `wines_varieties` ENABLE KEYS */;
UNLOCK TABLES;

--
-- Dumping routines for database 'monsape_db'
--
/*!40103 SET TIME_ZONE=@OLD_TIME_ZONE */;

/*!40101 SET SQL_MODE=@OLD_SQL_MODE */;
/*!40014 SET FOREIGN_KEY_CHECKS=@OLD_FOREIGN_KEY_CHECKS */;
/*!40014 SET UNIQUE_CHECKS=@OLD_UNIQUE_CHECKS */;
/*!40101 SET CHARACTER_SET_CLIENT=@OLD_CHARACTER_SET_CLIENT */;
/*!40101 SET CHARACTER_SET_RESULTS=@OLD_CHARACTER_SET_RESULTS */;
/*!40101 SET COLLATION_CONNECTION=@OLD_COLLATION_CONNECTION */;
/*!40111 SET SQL_NOTES=@OLD_SQL_NOTES */;

-- Dump completed on 2021-10-19 11:15:19
